,location,parameter,value,country,city,latitude,longitude,date,spot
0,ES0584A,no2,60,ES,Barcelona,41.482016278467,2.188296656,2020_03_08-00:00:00,Montcada i Reixac (pl. de Lluís Companys)
1,ES0584A,no2,45,ES,Barcelona,41.482016278467,2.188296656,2020_03_08-01:00:00,Montcada i Reixac (pl. de Lluís Companys)
2,ES0584A,no2,37,ES,Barcelona,41.482016278467,2.188296656,2020_03_08-02:00:00,Montcada i Reixac (pl. de Lluís Companys)
3,ES0584A,no2,43,ES,Barcelona,41.482016278467,2.188296656,2020_03_08-03:00:00,Montcada i Reixac (pl. de Lluís Companys)
4,ES0584A,no2,50,ES,Barcelona,41.482016278467,2.188296656,2020_03_08-04:00:00,Montcada i Reixac (pl. de Lluís Companys)
5,ES0584A,no2,30,ES,Barcelona,41.482016278467,2.188296656,2020_03_08-05:00:00,Montcada i Reixac (pl. de Lluís Companys)
6,ES0584A,no2,30,ES,Barcelona,41.482016278467,2.188296656,2020_03_08-06:00:00,Montcada i Reixac (pl. de Lluís Companys)
7,ES0584A,no2,24,ES,Barcelona,41.482016278467,2.188296656,2020_03_08-07:00:00,Montcada i Reixac (pl. de Lluís Companys)
8,ES0584A,no2,22,ES,Barcelona,41.482016278467,2.188296656,2020_03_08-08:00:00,Montcada i Reixac (pl. de Lluís Companys)
9,ES0584A,no2,25,ES,Barcelona,41.482016278467,2.188296656,2020_03_08-09:00:00,Montcada i Reixac (pl. de Lluís Companys)
10,ES0584A,no2,28,ES,Barcelona,41.482016278467,2.188296656,2020_03_08-10:00:00,Montcada i Reixac (pl. de Lluís Companys)
11,ES0584A,no2,17,ES,Barcelona,41.482016278467,2.188296656,2020_03_08-11:00:00,Montcada i Reixac (pl. de Lluís Companys)
12,ES0584A,no2,10,ES,Barcelona,41.482016278467,2.188296656,2020_03_08-12:00:00,Montcada i Reixac (pl. de Lluís Companys)
13,ES0584A,no2,7,ES,Barcelona,41.482016278467,2.188296656,2020_03_08-13:00:00,Montcada i Reixac (pl. de Lluís Companys)
14,ES0584A,no2,19,ES,Barcelona,41.482016278467,2.188296656,2020_03_08-14:00:00,Montcada i Reixac (pl. de Lluís Companys)
15,ES0584A,no2,27,ES,Barcelona,41.482016278467,2.188296656,2020_03_08-15:00:00,Montcada i Reixac (pl. de Lluís Companys)
16,ES0584A,no2,20,ES,Barcelona,41.482016278467,2.188296656,2020_03_08-16:00:00,Montcada i Reixac (pl. de Lluís Companys)
17,ES0584A,no2,19,ES,Barcelona,41.482016278467,2.188296656,2020_03_08-17:00:00,Montcada i Reixac (pl. de Lluís Companys)
18,ES0584A,no2,26,ES,Barcelona,41.482016278467,2.188296656,2020_03_08-18:00:00,Montcada i Reixac (pl. de Lluís Companys)
19,ES0584A,no2,33,ES,Barcelona,41.482016278467,2.188296656,2020_03_08-19:00:00,Montcada i Reixac (pl. de Lluís Companys)
20,ES0584A,no2,54,ES,Barcelona,41.482016278467,2.188296656,2020_03_08-20:00:00,Montcada i Reixac (pl. de Lluís Companys)
21,ES0584A,no2,47,ES,Barcelona,41.482016278467,2.188296656,2020_03_08-21:00:00,Montcada i Reixac (pl. de Lluís Companys)
22,ES0584A,no2,39,ES,Barcelona,41.482016278467,2.188296656,2020_03_08-22:00:00,Montcada i Reixac (pl. de Lluís Companys)
23,ES0584A,no2,47,ES,Barcelona,41.482016278467,2.188296656,2020_03_08-23:00:00,Montcada i Reixac (pl. de Lluís Companys)
24,ES0691A,no2,14,ES,Barcelona,41.4038818504672,2.204522594,2020_03_08-00:00:00,Barcelona (el Poblenou)
25,ES0691A,no2,52,ES,Barcelona,41.4038818504672,2.204522594,2020_03_08-01:00:00,Barcelona (el Poblenou)
26,ES0691A,no2,50,ES,Barcelona,41.4038818504672,2.204522594,2020_03_08-02:00:00,Barcelona (el Poblenou)
27,ES0691A,no2,37,ES,Barcelona,41.4038818504672,2.204522594,2020_03_08-03:00:00,Barcelona (el Poblenou)
28,ES0691A,no2,22,ES,Barcelona,41.4038818504672,2.204522594,2020_03_08-04:00:00,Barcelona (el Poblenou)
29,ES0691A,no2,22,ES,Barcelona,41.4038818504672,2.204522594,2020_03_08-05:00:00,Barcelona (el Poblenou)
30,ES0691A,no2,34,ES,Barcelona,41.4038818504672,2.204522594,2020_03_08-06:00:00,Barcelona (el Poblenou)
31,ES0691A,no2,37,ES,Barcelona,41.4038818504672,2.204522594,2020_03_08-07:00:00,Barcelona (el Poblenou)
32,ES0691A,no2,41,ES,Barcelona,41.4038818504672,2.204522594,2020_03_08-08:00:00,Barcelona (el Poblenou)
33,ES0691A,no2,35,ES,Barcelona,41.4038818504672,2.204522594,2020_03_08-09:00:00,Barcelona (el Poblenou)
34,ES0691A,no2,18,ES,Barcelona,41.4038818504672,2.204522594,2020_03_08-10:00:00,Barcelona (el Poblenou)
35,ES0691A,no2,11,ES,Barcelona,41.4038818504672,2.204522594,2020_03_08-11:00:00,Barcelona (el Poblenou)
36,ES0691A,no2,11,ES,Barcelona,41.4038818504672,2.204522594,2020_03_08-12:00:00,Barcelona (el Poblenou)
37,ES0691A,no2,15,ES,Barcelona,41.4038818504672,2.204522594,2020_03_08-13:00:00,Barcelona (el Poblenou)
38,ES0691A,no2,13,ES,Barcelona,41.4038818504672,2.204522594,2020_03_08-14:00:00,Barcelona (el Poblenou)
39,ES0691A,no2,12,ES,Barcelona,41.4038818504672,2.204522594,2020_03_08-15:00:00,Barcelona (el Poblenou)
40,ES0691A,no2,11,ES,Barcelona,41.4038818504672,2.204522594,2020_03_08-16:00:00,Barcelona (el Poblenou)
41,ES0691A,no2,19,ES,Barcelona,41.4038818504672,2.204522594,2020_03_08-17:00:00,Barcelona (el Poblenou)
42,ES0691A,no2,25,ES,Barcelona,41.4038818504672,2.204522594,2020_03_08-18:00:00,Barcelona (el Poblenou)
43,ES0691A,no2,31,ES,Barcelona,41.4038818504672,2.204522594,2020_03_08-19:00:00,Barcelona (el Poblenou)
44,ES0691A,no2,34,ES,Barcelona,41.4038818504672,2.204522594,2020_03_08-20:00:00,Barcelona (el Poblenou)
45,ES0691A,no2,36,ES,Barcelona,41.4038818504672,2.204522594,2020_03_08-21:00:00,Barcelona (el Poblenou)
46,ES0691A,no2,72,ES,Barcelona,41.4038818504672,2.204522594,2020_03_08-22:00:00,Barcelona (el Poblenou)
47,ES0691A,no2,78,ES,Barcelona,41.4038818504672,2.204522594,2020_03_08-23:00:00,Barcelona (el Poblenou)
48,ES0692A,no2,24,ES,Barcelona,41.3705041074673,2.114973082,2020_03_08-00:00:00,l'Hospitalet de Llobregat (av. del Torrent Gornal)
49,ES0692A,no2,19,ES,Barcelona,41.3705041074673,2.114973082,2020_03_08-01:00:00,l'Hospitalet de Llobregat (av. del Torrent Gornal)
50,ES0692A,no2,29,ES,Barcelona,41.3705041074673,2.114973082,2020_03_08-02:00:00,l'Hospitalet de Llobregat (av. del Torrent Gornal)
51,ES0692A,no2,33,ES,Barcelona,41.3705041074673,2.114973082,2020_03_08-03:00:00,l'Hospitalet de Llobregat (av. del Torrent Gornal)
52,ES0692A,no2,17,ES,Barcelona,41.3705041074673,2.114973082,2020_03_08-04:00:00,l'Hospitalet de Llobregat (av. del Torrent Gornal)
53,ES0692A,no2,16,ES,Barcelona,41.3705041074673,2.114973082,2020_03_08-05:00:00,l'Hospitalet de Llobregat (av. del Torrent Gornal)
54,ES0692A,no2,27,ES,Barcelona,41.3705041074673,2.114973082,2020_03_08-06:00:00,l'Hospitalet de Llobregat (av. del Torrent Gornal)
55,ES0692A,no2,40,ES,Barcelona,41.3705041074673,2.114973082,2020_03_08-07:00:00,l'Hospitalet de Llobregat (av. del Torrent Gornal)
56,ES0692A,no2,59,ES,Barcelona,41.3705041074673,2.114973082,2020_03_08-08:00:00,l'Hospitalet de Llobregat (av. del Torrent Gornal)
57,ES0692A,no2,17,ES,Barcelona,41.3705041074673,2.114973082,2020_03_08-09:00:00,l'Hospitalet de Llobregat (av. del Torrent Gornal)
58,ES0692A,no2,9,ES,Barcelona,41.3705041074673,2.114973082,2020_03_08-10:00:00,l'Hospitalet de Llobregat (av. del Torrent Gornal)
59,ES0692A,no2,9,ES,Barcelona,41.3705041074673,2.114973082,2020_03_08-11:00:00,l'Hospitalet de Llobregat (av. del Torrent Gornal)
60,ES0692A,no2,7,ES,Barcelona,41.3705041074673,2.114973082,2020_03_08-12:00:00,l'Hospitalet de Llobregat (av. del Torrent Gornal)
61,ES0692A,no2,9,ES,Barcelona,41.3705041074673,2.114973082,2020_03_08-13:00:00,l'Hospitalet de Llobregat (av. del Torrent Gornal)
62,ES0692A,no2,15,ES,Barcelona,41.3705041074673,2.114973082,2020_03_08-14:00:00,l'Hospitalet de Llobregat (av. del Torrent Gornal)
63,ES0692A,no2,10,ES,Barcelona,41.3705041074673,2.114973082,2020_03_08-15:00:00,l'Hospitalet de Llobregat (av. del Torrent Gornal)
64,ES0692A,no2,18,ES,Barcelona,41.3705041074673,2.114973082,2020_03_08-16:00:00,l'Hospitalet de Llobregat (av. del Torrent Gornal)
65,ES0692A,no2,11,ES,Barcelona,41.3705041074673,2.114973082,2020_03_08-17:00:00,l'Hospitalet de Llobregat (av. del Torrent Gornal)
66,ES0692A,no2,12,ES,Barcelona,41.3705041074673,2.114973082,2020_03_08-18:00:00,l'Hospitalet de Llobregat (av. del Torrent Gornal)
67,ES0692A,no2,33,ES,Barcelona,41.3705041074673,2.114973082,2020_03_08-19:00:00,l'Hospitalet de Llobregat (av. del Torrent Gornal)
68,ES0692A,no2,31,ES,Barcelona,41.3705041074673,2.114973082,2020_03_08-20:00:00,l'Hospitalet de Llobregat (av. del Torrent Gornal)
69,ES0692A,no2,41,ES,Barcelona,41.3705041074673,2.114973082,2020_03_08-21:00:00,l'Hospitalet de Llobregat (av. del Torrent Gornal)
70,ES0692A,no2,51,ES,Barcelona,41.3705041074673,2.114973082,2020_03_08-22:00:00,l'Hospitalet de Llobregat (av. del Torrent Gornal)
71,ES0692A,no2,52,ES,Barcelona,41.3705041074673,2.114973082,2020_03_08-23:00:00,l'Hospitalet de Llobregat (av. del Torrent Gornal)
72,ES0694A,no2,44,ES,Barcelona,41.3921574584672,2.009802277,2020_03_08-00:00:00,Sant Vicenç dels Horts (Ribot - Sant Miquel)
73,ES0694A,no2,34,ES,Barcelona,41.3921574584672,2.009802277,2020_03_08-01:00:00,Sant Vicenç dels Horts (Ribot - Sant Miquel)
74,ES0694A,no2,30,ES,Barcelona,41.3921574584672,2.009802277,2020_03_08-02:00:00,Sant Vicenç dels Horts (Ribot - Sant Miquel)
75,ES0694A,no2,32,ES,Barcelona,41.3921574584672,2.009802277,2020_03_08-03:00:00,Sant Vicenç dels Horts (Ribot - Sant Miquel)
76,ES0694A,no2,42,ES,Barcelona,41.3921574584672,2.009802277,2020_03_08-04:00:00,Sant Vicenç dels Horts (Ribot - Sant Miquel)
77,ES0694A,no2,39,ES,Barcelona,41.3921574584672,2.009802277,2020_03_08-05:00:00,Sant Vicenç dels Horts (Ribot - Sant Miquel)
78,ES0694A,no2,32,ES,Barcelona,41.3921574584672,2.009802277,2020_03_08-06:00:00,Sant Vicenç dels Horts (Ribot - Sant Miquel)
79,ES0694A,no2,28,ES,Barcelona,41.3921574584672,2.009802277,2020_03_08-07:00:00,Sant Vicenç dels Horts (Ribot - Sant Miquel)
80,ES0694A,no2,28,ES,Barcelona,41.3921574584672,2.009802277,2020_03_08-08:00:00,Sant Vicenç dels Horts (Ribot - Sant Miquel)
81,ES0694A,no2,26,ES,Barcelona,41.3921574584672,2.009802277,2020_03_08-09:00:00,Sant Vicenç dels Horts (Ribot - Sant Miquel)
82,ES0694A,no2,21,ES,Barcelona,41.3921574584672,2.009802277,2020_03_08-10:00:00,Sant Vicenç dels Horts (Ribot - Sant Miquel)
83,ES0694A,no2,8,ES,Barcelona,41.3921574584672,2.009802277,2020_03_08-11:00:00,Sant Vicenç dels Horts (Ribot - Sant Miquel)
84,ES0694A,no2,10,ES,Barcelona,41.3921574584672,2.009802277,2020_03_08-12:00:00,Sant Vicenç dels Horts (Ribot - Sant Miquel)
85,ES0694A,no2,15,ES,Barcelona,41.3921574584672,2.009802277,2020_03_08-13:00:00,Sant Vicenç dels Horts (Ribot - Sant Miquel)
86,ES0694A,no2,11,ES,Barcelona,41.3921574584672,2.009802277,2020_03_08-14:00:00,Sant Vicenç dels Horts (Ribot - Sant Miquel)
87,ES0694A,no2,8,ES,Barcelona,41.3921574584672,2.009802277,2020_03_08-15:00:00,Sant Vicenç dels Horts (Ribot - Sant Miquel)
88,ES0694A,no2,9,ES,Barcelona,41.3921574584672,2.009802277,2020_03_08-16:00:00,Sant Vicenç dels Horts (Ribot - Sant Miquel)
89,ES0694A,no2,9,ES,Barcelona,41.3921574584672,2.009802277,2020_03_08-17:00:00,Sant Vicenç dels Horts (Ribot - Sant Miquel)
90,ES0694A,no2,5,ES,Barcelona,41.3921574584672,2.009802277,2020_03_08-18:00:00,Sant Vicenç dels Horts (Ribot - Sant Miquel)
91,ES0694A,no2,9,ES,Barcelona,41.3921574584672,2.009802277,2020_03_08-19:00:00,Sant Vicenç dels Horts (Ribot - Sant Miquel)
92,ES0694A,no2,22,ES,Barcelona,41.3921574584672,2.009802277,2020_03_08-20:00:00,Sant Vicenç dels Horts (Ribot - Sant Miquel)
93,ES0694A,no2,55,ES,Barcelona,41.3921574584672,2.009802277,2020_03_08-21:00:00,Sant Vicenç dels Horts (Ribot - Sant Miquel)
94,ES0694A,no2,37,ES,Barcelona,41.3921574584672,2.009802277,2020_03_08-22:00:00,Sant Vicenç dels Horts (Ribot - Sant Miquel)
95,ES0694A,no2,47,ES,Barcelona,41.3921574584672,2.009802277,2020_03_08-23:00:00,Sant Vicenç dels Horts (Ribot - Sant Miquel)
96,ES0971A,no2,58,ES,Barcelona,41.4507693384671,1.974887306,2020_03_08-00:00:00,Sant Andreu de la Barca (CEIP Josep Pla)
97,ES0971A,no2,58,ES,Barcelona,41.4507693384671,1.974887306,2020_03_08-01:00:00,Sant Andreu de la Barca (CEIP Josep Pla)
98,ES0971A,no2,42,ES,Barcelona,41.4507693384671,1.974887306,2020_03_08-02:00:00,Sant Andreu de la Barca (CEIP Josep Pla)
99,ES0971A,no2,36,ES,Barcelona,41.4507693384671,1.974887306,2020_03_08-03:00:00,Sant Andreu de la Barca (CEIP Josep Pla)
100,ES0971A,no2,41,ES,Barcelona,41.4507693384671,1.974887306,2020_03_08-04:00:00,Sant Andreu de la Barca (CEIP Josep Pla)
101,ES0971A,no2,32,ES,Barcelona,41.4507693384671,1.974887306,2020_03_08-05:00:00,Sant Andreu de la Barca (CEIP Josep Pla)
102,ES0971A,no2,27,ES,Barcelona,41.4507693384671,1.974887306,2020_03_08-06:00:00,Sant Andreu de la Barca (CEIP Josep Pla)
103,ES0971A,no2,30,ES,Barcelona,41.4507693384671,1.974887306,2020_03_08-07:00:00,Sant Andreu de la Barca (CEIP Josep Pla)
104,ES0971A,no2,36,ES,Barcelona,41.4507693384671,1.974887306,2020_03_08-08:00:00,Sant Andreu de la Barca (CEIP Josep Pla)
105,ES0971A,no2,25,ES,Barcelona,41.4507693384671,1.974887306,2020_03_08-09:00:00,Sant Andreu de la Barca (CEIP Josep Pla)
106,ES0971A,no2,16,ES,Barcelona,41.4507693384671,1.974887306,2020_03_08-10:00:00,Sant Andreu de la Barca (CEIP Josep Pla)
107,ES0971A,no2,12,ES,Barcelona,41.4507693384671,1.974887306,2020_03_08-11:00:00,Sant Andreu de la Barca (CEIP Josep Pla)
108,ES0971A,no2,10,ES,Barcelona,41.4507693384671,1.974887306,2020_03_08-12:00:00,Sant Andreu de la Barca (CEIP Josep Pla)
109,ES0971A,no2,8,ES,Barcelona,41.4507693384671,1.974887306,2020_03_08-13:00:00,Sant Andreu de la Barca (CEIP Josep Pla)
110,ES0971A,no2,13,ES,Barcelona,41.4507693384671,1.974887306,2020_03_08-14:00:00,Sant Andreu de la Barca (CEIP Josep Pla)
111,ES0971A,no2,25,ES,Barcelona,41.4507693384671,1.974887306,2020_03_08-15:00:00,Sant Andreu de la Barca (CEIP Josep Pla)
112,ES0971A,no2,20,ES,Barcelona,41.4507693384671,1.974887306,2020_03_08-16:00:00,Sant Andreu de la Barca (CEIP Josep Pla)
113,ES0971A,no2,23,ES,Barcelona,41.4507693384671,1.974887306,2020_03_08-17:00:00,Sant Andreu de la Barca (CEIP Josep Pla)
114,ES0971A,no2,15,ES,Barcelona,41.4507693384671,1.974887306,2020_03_08-18:00:00,Sant Andreu de la Barca (CEIP Josep Pla)
115,ES0971A,no2,8,ES,Barcelona,41.4507693384671,1.974887306,2020_03_08-19:00:00,Sant Andreu de la Barca (CEIP Josep Pla)
116,ES0971A,no2,13,ES,Barcelona,41.4507693384671,1.974887306,2020_03_08-20:00:00,Sant Andreu de la Barca (CEIP Josep Pla)
117,ES0971A,no2,40,ES,Barcelona,41.4507693384671,1.974887306,2020_03_08-21:00:00,Sant Andreu de la Barca (CEIP Josep Pla)
118,ES0971A,no2,43,ES,Barcelona,41.4507693384671,1.974887306,2020_03_08-22:00:00,Sant Andreu de la Barca (CEIP Josep Pla)
119,ES0971A,no2,61,ES,Barcelona,41.4507693384671,1.974887306,2020_03_08-23:00:00,Sant Andreu de la Barca (CEIP Josep Pla)
120,ES1018A,no2,25,ES,Barcelona,41.5561153974668,2.007401267,2020_03_08-00:00:00,Terrassa (Pare Alegre)
121,ES1018A,no2,33,ES,Barcelona,41.5561153974668,2.007401267,2020_03_08-01:00:00,Terrassa (Pare Alegre)
122,ES1018A,no2,37,ES,Barcelona,41.5561153974668,2.007401267,2020_03_08-02:00:00,Terrassa (Pare Alegre)
123,ES1018A,no2,20,ES,Barcelona,41.5561153974668,2.007401267,2020_03_08-03:00:00,Terrassa (Pare Alegre)
124,ES1018A,no2,13,ES,Barcelona,41.5561153974668,2.007401267,2020_03_08-04:00:00,Terrassa (Pare Alegre)
125,ES1018A,no2,13,ES,Barcelona,41.5561153974668,2.007401267,2020_03_08-05:00:00,Terrassa (Pare Alegre)
126,ES1018A,no2,18,ES,Barcelona,41.5561153974668,2.007401267,2020_03_08-06:00:00,Terrassa (Pare Alegre)
127,ES1018A,no2,17,ES,Barcelona,41.5561153974668,2.007401267,2020_03_08-07:00:00,Terrassa (Pare Alegre)
128,ES1018A,no2,26,ES,Barcelona,41.5561153974668,2.007401267,2020_03_08-08:00:00,Terrassa (Pare Alegre)
129,ES1018A,no2,20,ES,Barcelona,41.5561153974668,2.007401267,2020_03_08-09:00:00,Terrassa (Pare Alegre)
130,ES1018A,no2,12,ES,Barcelona,41.5561153974668,2.007401267,2020_03_08-10:00:00,Terrassa (Pare Alegre)
131,ES1018A,no2,11,ES,Barcelona,41.5561153974668,2.007401267,2020_03_08-11:00:00,Terrassa (Pare Alegre)
132,ES1018A,no2,10,ES,Barcelona,41.5561153974668,2.007401267,2020_03_08-12:00:00,Terrassa (Pare Alegre)
133,ES1018A,no2,11,ES,Barcelona,41.5561153974668,2.007401267,2020_03_08-13:00:00,Terrassa (Pare Alegre)
134,ES1018A,no2,12,ES,Barcelona,41.5561153974668,2.007401267,2020_03_08-14:00:00,Terrassa (Pare Alegre)
135,ES1018A,no2,10,ES,Barcelona,41.5561153974668,2.007401267,2020_03_08-15:00:00,Terrassa (Pare Alegre)
136,ES1018A,no2,10,ES,Barcelona,41.5561153974668,2.007401267,2020_03_08-16:00:00,Terrassa (Pare Alegre)
137,ES1018A,no2,11,ES,Barcelona,41.5561153974668,2.007401267,2020_03_08-17:00:00,Terrassa (Pare Alegre)
138,ES1018A,no2,36,ES,Barcelona,41.5561153974668,2.007401267,2020_03_08-18:00:00,Terrassa (Pare Alegre)
139,ES1018A,no2,26,ES,Barcelona,41.5561153974668,2.007401267,2020_03_08-19:00:00,Terrassa (Pare Alegre)
140,ES1018A,no2,27,ES,Barcelona,41.5561153974668,2.007401267,2020_03_08-20:00:00,Terrassa (Pare Alegre)
141,ES1018A,no2,45,ES,Barcelona,41.5561153974668,2.007401267,2020_03_08-21:00:00,Terrassa (Pare Alegre)
142,ES1018A,no2,54,ES,Barcelona,41.5561153974668,2.007401267,2020_03_08-22:00:00,Terrassa (Pare Alegre)
143,ES1018A,no2,51,ES,Barcelona,41.5561153974668,2.007401267,2020_03_08-23:00:00,Terrassa (Pare Alegre)
144,ES1125A,no2,32,ES,Barcelona,41.7302802604665,1.825306423,2020_03_08-00:00:00,Manresa (pl. d'Espanya)
145,ES1125A,no2,26,ES,Barcelona,41.7302802604665,1.825306423,2020_03_08-01:00:00,Manresa (pl. d'Espanya)
146,ES1125A,no2,18,ES,Barcelona,41.7302802604665,1.825306423,2020_03_08-02:00:00,Manresa (pl. d'Espanya)
147,ES1125A,no2,20,ES,Barcelona,41.7302802604665,1.825306423,2020_03_08-03:00:00,Manresa (pl. d'Espanya)
148,ES1125A,no2,15,ES,Barcelona,41.7302802604665,1.825306423,2020_03_08-04:00:00,Manresa (pl. d'Espanya)
149,ES1125A,no2,11,ES,Barcelona,41.7302802604665,1.825306423,2020_03_08-05:00:00,Manresa (pl. d'Espanya)
150,ES1125A,no2,14,ES,Barcelona,41.7302802604665,1.825306423,2020_03_08-06:00:00,Manresa (pl. d'Espanya)
151,ES1125A,no2,16,ES,Barcelona,41.7302802604665,1.825306423,2020_03_08-07:00:00,Manresa (pl. d'Espanya)
152,ES1125A,no2,15,ES,Barcelona,41.7302802604665,1.825306423,2020_03_08-08:00:00,Manresa (pl. d'Espanya)
153,ES1125A,no2,17,ES,Barcelona,41.7302802604665,1.825306423,2020_03_08-09:00:00,Manresa (pl. d'Espanya)
154,ES1125A,no2,13,ES,Barcelona,41.7302802604665,1.825306423,2020_03_08-10:00:00,Manresa (pl. d'Espanya)
155,ES1125A,no2,9,ES,Barcelona,41.7302802604665,1.825306423,2020_03_08-11:00:00,Manresa (pl. d'Espanya)
156,ES1125A,no2,8,ES,Barcelona,41.7302802604665,1.825306423,2020_03_08-12:00:00,Manresa (pl. d'Espanya)
157,ES1125A,no2,10,ES,Barcelona,41.7302802604665,1.825306423,2020_03_08-13:00:00,Manresa (pl. d'Espanya)
158,ES1125A,no2,10,ES,Barcelona,41.7302802604665,1.825306423,2020_03_08-14:00:00,Manresa (pl. d'Espanya)
159,ES1125A,no2,7,ES,Barcelona,41.7302802604665,1.825306423,2020_03_08-15:00:00,Manresa (pl. d'Espanya)
160,ES1125A,no2,8,ES,Barcelona,41.7302802604665,1.825306423,2020_03_08-16:00:00,Manresa (pl. d'Espanya)
161,ES1125A,no2,16,ES,Barcelona,41.7302802604665,1.825306423,2020_03_08-18:00:00,Manresa (pl. d'Espanya)
162,ES1125A,no2,26,ES,Barcelona,41.7302802604665,1.825306423,2020_03_08-19:00:00,Manresa (pl. d'Espanya)
163,ES1125A,no2,55,ES,Barcelona,41.7302802604665,1.825306423,2020_03_08-20:00:00,Manresa (pl. d'Espanya)
164,ES1125A,no2,47,ES,Barcelona,41.7302802604665,1.825306423,2020_03_08-21:00:00,Manresa (pl. d'Espanya)
165,ES1125A,no2,31,ES,Barcelona,41.7302802604665,1.825306423,2020_03_08-22:00:00,Manresa (pl. d'Espanya)
166,ES1125A,no2,25,ES,Barcelona,41.7302802604665,1.825306423,2020_03_08-23:00:00,Manresa (pl. d'Espanya)
167,ES1126A,no2,33,ES,Barcelona,41.4754091344671,1.921203402,2020_03_08-00:00:00,Martorell (Canyameres - Claret)
168,ES1126A,no2,39,ES,Barcelona,41.4754091344671,1.921203402,2020_03_08-01:00:00,Martorell (Canyameres - Claret)
169,ES1126A,no2,45,ES,Barcelona,41.4754091344671,1.921203402,2020_03_08-02:00:00,Martorell (Canyameres - Claret)
170,ES1126A,no2,39,ES,Barcelona,41.4754091344671,1.921203402,2020_03_08-03:00:00,Martorell (Canyameres - Claret)
171,ES1126A,no2,34,ES,Barcelona,41.4754091344671,1.921203402,2020_03_08-04:00:00,Martorell (Canyameres - Claret)
172,ES1126A,no2,28,ES,Barcelona,41.4754091344671,1.921203402,2020_03_08-05:00:00,Martorell (Canyameres - Claret)
173,ES1126A,no2,25,ES,Barcelona,41.4754091344671,1.921203402,2020_03_08-06:00:00,Martorell (Canyameres - Claret)
174,ES1126A,no2,20,ES,Barcelona,41.4754091344671,1.921203402,2020_03_08-07:00:00,Martorell (Canyameres - Claret)
175,ES1126A,no2,16,ES,Barcelona,41.4754091344671,1.921203402,2020_03_08-08:00:00,Martorell (Canyameres - Claret)
176,ES1126A,no2,20,ES,Barcelona,41.4754091344671,1.921203402,2020_03_08-09:00:00,Martorell (Canyameres - Claret)
177,ES1126A,no2,16,ES,Barcelona,41.4754091344671,1.921203402,2020_03_08-10:00:00,Martorell (Canyameres - Claret)
178,ES1126A,no2,10,ES,Barcelona,41.4754091344671,1.921203402,2020_03_08-11:00:00,Martorell (Canyameres - Claret)
179,ES1126A,no2,10,ES,Barcelona,41.4754091344671,1.921203402,2020_03_08-12:00:00,Martorell (Canyameres - Claret)
180,ES1126A,no2,8,ES,Barcelona,41.4754091344671,1.921203402,2020_03_08-13:00:00,Martorell (Canyameres - Claret)
181,ES1126A,no2,7,ES,Barcelona,41.4754091344671,1.921203402,2020_03_08-14:00:00,Martorell (Canyameres - Claret)
182,ES1126A,no2,6,ES,Barcelona,41.4754091344671,1.921203402,2020_03_08-15:00:00,Martorell (Canyameres - Claret)
183,ES1126A,no2,13,ES,Barcelona,41.4754091344671,1.921203402,2020_03_08-16:00:00,Martorell (Canyameres - Claret)
184,ES1126A,no2,22,ES,Barcelona,41.4754091344671,1.921203402,2020_03_08-17:00:00,Martorell (Canyameres - Claret)
185,ES1126A,no2,10,ES,Barcelona,41.4754091344671,1.921203402,2020_03_08-18:00:00,Martorell (Canyameres - Claret)
186,ES1126A,no2,8,ES,Barcelona,41.4754091344671,1.921203402,2020_03_08-19:00:00,Martorell (Canyameres - Claret)
187,ES1126A,no2,18,ES,Barcelona,41.4754091344671,1.921203402,2020_03_08-20:00:00,Martorell (Canyameres - Claret)
188,ES1126A,no2,61,ES,Barcelona,41.4754091344671,1.921203402,2020_03_08-21:00:00,Martorell (Canyameres - Claret)
189,ES1126A,no2,72,ES,Barcelona,41.4754091344671,1.921203402,2020_03_08-22:00:00,Martorell (Canyameres - Claret)
190,ES1126A,no2,56,ES,Barcelona,41.4754091344671,1.921203402,2020_03_08-23:00:00,Martorell (Canyameres - Claret)
191,ES1135A,no2,32,ES,Barcelona,41.5776268914668,1.625893365,2020_03_08-00:00:00,Igualada (la Masuca)
192,ES1135A,no2,29,ES,Barcelona,41.5776268914668,1.625893365,2020_03_08-01:00:00,Igualada (la Masuca)
193,ES1135A,no2,18,ES,Barcelona,41.5776268914668,1.625893365,2020_03_08-02:00:00,Igualada (la Masuca)
194,ES1135A,no2,19,ES,Barcelona,41.5776268914668,1.625893365,2020_03_08-03:00:00,Igualada (la Masuca)
195,ES1135A,no2,16,ES,Barcelona,41.5776268914668,1.625893365,2020_03_08-04:00:00,Igualada (la Masuca)
196,ES1135A,no2,15,ES,Barcelona,41.5776268914668,1.625893365,2020_03_08-05:00:00,Igualada (la Masuca)
197,ES1135A,no2,13,ES,Barcelona,41.5776268914668,1.625893365,2020_03_08-06:00:00,Igualada (la Masuca)
198,ES1135A,no2,11,ES,Barcelona,41.5776268914668,1.625893365,2020_03_08-07:00:00,Igualada (la Masuca)
199,ES1135A,no2,13,ES,Barcelona,41.5776268914668,1.625893365,2020_03_08-08:00:00,Igualada (la Masuca)
200,ES1135A,no2,16,ES,Barcelona,41.5776268914668,1.625893365,2020_03_08-09:00:00,Igualada (la Masuca)
201,ES1135A,no2,16,ES,Barcelona,41.5776268914668,1.625893365,2020_03_08-10:00:00,Igualada (la Masuca)
202,ES1135A,no2,6,ES,Barcelona,41.5776268914668,1.625893365,2020_03_08-11:00:00,Igualada (la Masuca)
203,ES1135A,no2,6,ES,Barcelona,41.5776268914668,1.625893365,2020_03_08-12:00:00,Igualada (la Masuca)
204,ES1135A,no2,5,ES,Barcelona,41.5776268914668,1.625893365,2020_03_08-13:00:00,Igualada (la Masuca)
205,ES1135A,no2,5,ES,Barcelona,41.5776268914668,1.625893365,2020_03_08-14:00:00,Igualada (la Masuca)
206,ES1135A,no2,5,ES,Barcelona,41.5776268914668,1.625893365,2020_03_08-15:00:00,Igualada (la Masuca)
207,ES1135A,no2,5,ES,Barcelona,41.5776268914668,1.625893365,2020_03_08-16:00:00,Igualada (la Masuca)
208,ES1135A,no2,6,ES,Barcelona,41.5776268914668,1.625893365,2020_03_08-17:00:00,Igualada (la Masuca)
209,ES1135A,no2,9,ES,Barcelona,41.5776268914668,1.625893365,2020_03_08-18:00:00,Igualada (la Masuca)
210,ES1135A,no2,25,ES,Barcelona,41.5776268914668,1.625893365,2020_03_08-19:00:00,Igualada (la Masuca)
211,ES1135A,no2,33,ES,Barcelona,41.5776268914668,1.625893365,2020_03_08-20:00:00,Igualada (la Masuca)
212,ES1135A,no2,34,ES,Barcelona,41.5776268914668,1.625893365,2020_03_08-21:00:00,Igualada (la Masuca)
213,ES1135A,no2,43,ES,Barcelona,41.5776268914668,1.625893365,2020_03_08-22:00:00,Igualada (la Masuca)
214,ES1135A,no2,35,ES,Barcelona,41.5776268914668,1.625893365,2020_03_08-23:00:00,Igualada (la Masuca)
215,ES1148A,no2,42,ES,Barcelona,41.4256209034672,2.222244805,2020_03_08-00:00:00,Sant Adrià de Besòs (Olímpic)
216,ES1148A,no2,66,ES,Barcelona,41.4256209034672,2.222244805,2020_03_08-01:00:00,Sant Adrià de Besòs (Olímpic)
217,ES1148A,no2,63,ES,Barcelona,41.4256209034672,2.222244805,2020_03_08-02:00:00,Sant Adrià de Besòs (Olímpic)
218,ES1148A,no2,59,ES,Barcelona,41.4256209034672,2.222244805,2020_03_08-03:00:00,Sant Adrià de Besòs (Olímpic)
219,ES1148A,no2,54,ES,Barcelona,41.4256209034672,2.222244805,2020_03_08-04:00:00,Sant Adrià de Besòs (Olímpic)
220,ES1148A,no2,55,ES,Barcelona,41.4256209034672,2.222244805,2020_03_08-05:00:00,Sant Adrià de Besòs (Olímpic)
221,ES1148A,no2,45,ES,Barcelona,41.4256209034672,2.222244805,2020_03_08-06:00:00,Sant Adrià de Besòs (Olímpic)
222,ES1148A,no2,48,ES,Barcelona,41.4256209034672,2.222244805,2020_03_08-07:00:00,Sant Adrià de Besòs (Olímpic)
223,ES1148A,no2,43,ES,Barcelona,41.4256209034672,2.222244805,2020_03_08-08:00:00,Sant Adrià de Besòs (Olímpic)
224,ES1148A,no2,38,ES,Barcelona,41.4256209034672,2.222244805,2020_03_08-09:00:00,Sant Adrià de Besòs (Olímpic)
225,ES1148A,no2,28,ES,Barcelona,41.4256209034672,2.222244805,2020_03_08-10:00:00,Sant Adrià de Besòs (Olímpic)
226,ES1148A,no2,12,ES,Barcelona,41.4256209034672,2.222244805,2020_03_08-11:00:00,Sant Adrià de Besòs (Olímpic)
227,ES1148A,no2,11,ES,Barcelona,41.4256209034672,2.222244805,2020_03_08-12:00:00,Sant Adrià de Besòs (Olímpic)
228,ES1148A,no2,13,ES,Barcelona,41.4256209034672,2.222244805,2020_03_08-13:00:00,Sant Adrià de Besòs (Olímpic)
229,ES1148A,no2,9,ES,Barcelona,41.4256209034672,2.222244805,2020_03_08-14:00:00,Sant Adrià de Besòs (Olímpic)
230,ES1148A,no2,8,ES,Barcelona,41.4256209034672,2.222244805,2020_03_08-15:00:00,Sant Adrià de Besòs (Olímpic)
231,ES1148A,no2,8,ES,Barcelona,41.4256209034672,2.222244805,2020_03_08-16:00:00,Sant Adrià de Besòs (Olímpic)
232,ES1148A,no2,12,ES,Barcelona,41.4256209034672,2.222244805,2020_03_08-17:00:00,Sant Adrià de Besòs (Olímpic)
233,ES1148A,no2,17,ES,Barcelona,41.4256209034672,2.222244805,2020_03_08-18:00:00,Sant Adrià de Besòs (Olímpic)
234,ES1148A,no2,16,ES,Barcelona,41.4256209034672,2.222244805,2020_03_08-19:00:00,Sant Adrià de Besòs (Olímpic)
235,ES1148A,no2,32,ES,Barcelona,41.4256209034672,2.222244805,2020_03_08-20:00:00,Sant Adrià de Besòs (Olímpic)
236,ES1148A,no2,55,ES,Barcelona,41.4256209034672,2.222244805,2020_03_08-21:00:00,Sant Adrià de Besòs (Olímpic)
237,ES1148A,no2,85,ES,Barcelona,41.4256209034672,2.222244805,2020_03_08-22:00:00,Sant Adrià de Besòs (Olímpic)
238,ES1148A,no2,79,ES,Barcelona,41.4256209034672,2.222244805,2020_03_08-23:00:00,Sant Adrià de Besòs (Olímpic)
239,ES1262A,no2,25,ES,Barcelona,41.5611753964668,2.101405057,2020_03_08-00:00:00,Sabadell (Gran Via)
240,ES1262A,no2,19,ES,Barcelona,41.5611753964668,2.101405057,2020_03_08-01:00:00,Sabadell (Gran Via)
241,ES1262A,no2,14,ES,Barcelona,41.5611753964668,2.101405057,2020_03_08-02:00:00,Sabadell (Gran Via)
242,ES1262A,no2,11,ES,Barcelona,41.5611753964668,2.101405057,2020_03_08-03:00:00,Sabadell (Gran Via)
243,ES1262A,no2,10,ES,Barcelona,41.5611753964668,2.101405057,2020_03_08-04:00:00,Sabadell (Gran Via)
244,ES1262A,no2,10,ES,Barcelona,41.5611753964668,2.101405057,2020_03_08-05:00:00,Sabadell (Gran Via)
245,ES1262A,no2,14,ES,Barcelona,41.5611753964668,2.101405057,2020_03_08-06:00:00,Sabadell (Gran Via)
246,ES1262A,no2,15,ES,Barcelona,41.5611753964668,2.101405057,2020_03_08-07:00:00,Sabadell (Gran Via)
247,ES1262A,no2,16,ES,Barcelona,41.5611753964668,2.101405057,2020_03_08-08:00:00,Sabadell (Gran Via)
248,ES1262A,no2,23,ES,Barcelona,41.5611753964668,2.101405057,2020_03_08-09:00:00,Sabadell (Gran Via)
249,ES1262A,no2,21,ES,Barcelona,41.5611753964668,2.101405057,2020_03_08-10:00:00,Sabadell (Gran Via)
250,ES1262A,no2,18,ES,Barcelona,41.5611753964668,2.101405057,2020_03_08-11:00:00,Sabadell (Gran Via)
251,ES1262A,no2,14,ES,Barcelona,41.5611753964668,2.101405057,2020_03_08-12:00:00,Sabadell (Gran Via)
252,ES1262A,no2,19,ES,Barcelona,41.5611753964668,2.101405057,2020_03_08-13:00:00,Sabadell (Gran Via)
253,ES1262A,no2,16,ES,Barcelona,41.5611753964668,2.101405057,2020_03_08-14:00:00,Sabadell (Gran Via)
254,ES1262A,no2,14,ES,Barcelona,41.5611753964668,2.101405057,2020_03_08-15:00:00,Sabadell (Gran Via)
255,ES1262A,no2,15,ES,Barcelona,41.5611753964668,2.101405057,2020_03_08-16:00:00,Sabadell (Gran Via)
256,ES1262A,no2,26,ES,Barcelona,41.5611753964668,2.101405057,2020_03_08-17:00:00,Sabadell (Gran Via)
257,ES1262A,no2,27,ES,Barcelona,41.5611753964668,2.101405057,2020_03_08-18:00:00,Sabadell (Gran Via)
258,ES1262A,no2,42,ES,Barcelona,41.5611753964668,2.101405057,2020_03_08-19:00:00,Sabadell (Gran Via)
259,ES1262A,no2,37,ES,Barcelona,41.5611753964668,2.101405057,2020_03_08-20:00:00,Sabadell (Gran Via)
260,ES1262A,no2,34,ES,Barcelona,41.5611753964668,2.101405057,2020_03_08-21:00:00,Sabadell (Gran Via)
261,ES1262A,no2,54,ES,Barcelona,41.5611753964668,2.101405057,2020_03_08-22:00:00,Sabadell (Gran Via)
262,ES1262A,no2,31,ES,Barcelona,41.5611753964668,2.101405057,2020_03_08-23:00:00,Sabadell (Gran Via)
263,ES1275A,no2,32,ES,Barcelona,41.6890494414666,2.495746675,2020_03_08-00:00:00,Sant Celoni (Carles Damm)
264,ES1275A,no2,33,ES,Barcelona,41.6890494414666,2.495746675,2020_03_08-01:00:00,Sant Celoni (Carles Damm)
265,ES1275A,no2,22,ES,Barcelona,41.6890494414666,2.495746675,2020_03_08-02:00:00,Sant Celoni (Carles Damm)
266,ES1275A,no2,21,ES,Barcelona,41.6890494414666,2.495746675,2020_03_08-03:00:00,Sant Celoni (Carles Damm)
267,ES1275A,no2,21,ES,Barcelona,41.6890494414666,2.495746675,2020_03_08-04:00:00,Sant Celoni (Carles Damm)
268,ES1275A,no2,18,ES,Barcelona,41.6890494414666,2.495746675,2020_03_08-05:00:00,Sant Celoni (Carles Damm)
269,ES1275A,no2,19,ES,Barcelona,41.6890494414666,2.495746675,2020_03_08-06:00:00,Sant Celoni (Carles Damm)
270,ES1275A,no2,24,ES,Barcelona,41.6890494414666,2.495746675,2020_03_08-07:00:00,Sant Celoni (Carles Damm)
271,ES1275A,no2,23,ES,Barcelona,41.6890494414666,2.495746675,2020_03_08-08:00:00,Sant Celoni (Carles Damm)
272,ES1275A,no2,21,ES,Barcelona,41.6890494414666,2.495746675,2020_03_08-09:00:00,Sant Celoni (Carles Damm)
273,ES1275A,no2,17,ES,Barcelona,41.6890494414666,2.495746675,2020_03_08-10:00:00,Sant Celoni (Carles Damm)
274,ES1275A,no2,11,ES,Barcelona,41.6890494414666,2.495746675,2020_03_08-11:00:00,Sant Celoni (Carles Damm)
275,ES1275A,no2,7,ES,Barcelona,41.6890494414666,2.495746675,2020_03_08-12:00:00,Sant Celoni (Carles Damm)
276,ES1275A,no2,6,ES,Barcelona,41.6890494414666,2.495746675,2020_03_08-13:00:00,Sant Celoni (Carles Damm)
277,ES1275A,no2,6,ES,Barcelona,41.6890494414666,2.495746675,2020_03_08-15:00:00,Sant Celoni (Carles Damm)
278,ES1275A,no2,8,ES,Barcelona,41.6890494414666,2.495746675,2020_03_08-16:00:00,Sant Celoni (Carles Damm)
279,ES1275A,no2,9,ES,Barcelona,41.6890494414666,2.495746675,2020_03_08-17:00:00,Sant Celoni (Carles Damm)
280,ES1275A,no2,14,ES,Barcelona,41.6890494414666,2.495746675,2020_03_08-19:00:00,Sant Celoni (Carles Damm)
281,ES1275A,no2,28,ES,Barcelona,41.6890494414666,2.495746675,2020_03_08-20:00:00,Sant Celoni (Carles Damm)
282,ES1275A,no2,55,ES,Barcelona,41.6890494414666,2.495746675,2020_03_08-22:00:00,Sant Celoni (Carles Damm)
283,ES1275A,no2,39,ES,Barcelona,41.6890494414666,2.495746675,2020_03_08-23:00:00,Sant Celoni (Carles Damm)
284,ES1339A,no2,21,ES,Barcelona,41.2190364604676,1.721248774,2020_03_08-00:00:00,Vilanova i la Geltrú (pl. de les Danses de Vilanova)
285,ES1339A,no2,23,ES,Barcelona,41.2190364604676,1.721248774,2020_03_08-01:00:00,Vilanova i la Geltrú (pl. de les Danses de Vilanova)
286,ES1339A,no2,20,ES,Barcelona,41.2190364604676,1.721248774,2020_03_08-02:00:00,Vilanova i la Geltrú (pl. de les Danses de Vilanova)
287,ES1339A,no2,16,ES,Barcelona,41.2190364604676,1.721248774,2020_03_08-03:00:00,Vilanova i la Geltrú (pl. de les Danses de Vilanova)
288,ES1339A,no2,14,ES,Barcelona,41.2190364604676,1.721248774,2020_03_08-04:00:00,Vilanova i la Geltrú (pl. de les Danses de Vilanova)
289,ES1339A,no2,12,ES,Barcelona,41.2190364604676,1.721248774,2020_03_08-05:00:00,Vilanova i la Geltrú (pl. de les Danses de Vilanova)
290,ES1339A,no2,13,ES,Barcelona,41.2190364604676,1.721248774,2020_03_08-06:00:00,Vilanova i la Geltrú (pl. de les Danses de Vilanova)
291,ES1339A,no2,14,ES,Barcelona,41.2190364604676,1.721248774,2020_03_08-07:00:00,Vilanova i la Geltrú (pl. de les Danses de Vilanova)
292,ES1339A,no2,15,ES,Barcelona,41.2190364604676,1.721248774,2020_03_08-08:00:00,Vilanova i la Geltrú (pl. de les Danses de Vilanova)
293,ES1339A,no2,16,ES,Barcelona,41.2190364604676,1.721248774,2020_03_08-09:00:00,Vilanova i la Geltrú (pl. de les Danses de Vilanova)
294,ES1339A,no2,10,ES,Barcelona,41.2190364604676,1.721248774,2020_03_08-10:00:00,Vilanova i la Geltrú (pl. de les Danses de Vilanova)
295,ES1339A,no2,9,ES,Barcelona,41.2190364604676,1.721248774,2020_03_08-11:00:00,Vilanova i la Geltrú (pl. de les Danses de Vilanova)
296,ES1339A,no2,8,ES,Barcelona,41.2190364604676,1.721248774,2020_03_08-12:00:00,Vilanova i la Geltrú (pl. de les Danses de Vilanova)
297,ES1339A,no2,5,ES,Barcelona,41.2190364604676,1.721248774,2020_03_08-13:00:00,Vilanova i la Geltrú (pl. de les Danses de Vilanova)
298,ES1339A,no2,5,ES,Barcelona,41.2190364604676,1.721248774,2020_03_08-14:00:00,Vilanova i la Geltrú (pl. de les Danses de Vilanova)
299,ES1339A,no2,4,ES,Barcelona,41.2190364604676,1.721248774,2020_03_08-15:00:00,Vilanova i la Geltrú (pl. de les Danses de Vilanova)
300,ES1339A,no2,3,ES,Barcelona,41.2190364604676,1.721248774,2020_03_08-16:00:00,Vilanova i la Geltrú (pl. de les Danses de Vilanova)
301,ES1339A,no2,2,ES,Barcelona,41.2190364604676,1.721248774,2020_03_08-17:00:00,Vilanova i la Geltrú (pl. de les Danses de Vilanova)
302,ES1339A,no2,3,ES,Barcelona,41.2190364604676,1.721248774,2020_03_08-18:00:00,Vilanova i la Geltrú (pl. de les Danses de Vilanova)
303,ES1339A,no2,7,ES,Barcelona,41.2190364604676,1.721248774,2020_03_08-19:00:00,Vilanova i la Geltrú (pl. de les Danses de Vilanova)
304,ES1339A,no2,17,ES,Barcelona,41.2190364604676,1.721248774,2020_03_08-20:00:00,Vilanova i la Geltrú (pl. de les Danses de Vilanova)
305,ES1339A,no2,26,ES,Barcelona,41.2190364604676,1.721248774,2020_03_08-21:00:00,Vilanova i la Geltrú (pl. de les Danses de Vilanova)
306,ES1339A,no2,34,ES,Barcelona,41.2190364604676,1.721248774,2020_03_08-22:00:00,Vilanova i la Geltrú (pl. de les Danses de Vilanova)
307,ES1339A,no2,40,ES,Barcelona,41.2190364604676,1.721248774,2020_03_08-23:00:00,Vilanova i la Geltrú (pl. de les Danses de Vilanova)
308,ES1396A,no2,17,ES,Barcelona,41.3788028014672,2.133098078,2020_03_08-00:00:00,Barcelona (Sants)
309,ES1396A,no2,23,ES,Barcelona,41.3788028014672,2.133098078,2020_03_08-01:00:00,Barcelona (Sants)
310,ES1396A,no2,28,ES,Barcelona,41.3788028014672,2.133098078,2020_03_08-02:00:00,Barcelona (Sants)
311,ES1396A,no2,38,ES,Barcelona,41.3788028014672,2.133098078,2020_03_08-03:00:00,Barcelona (Sants)
312,ES1396A,no2,26,ES,Barcelona,41.3788028014672,2.133098078,2020_03_08-04:00:00,Barcelona (Sants)
313,ES1396A,no2,23,ES,Barcelona,41.3788028014672,2.133098078,2020_03_08-05:00:00,Barcelona (Sants)
314,ES1396A,no2,13,ES,Barcelona,41.3788028014672,2.133098078,2020_03_08-06:00:00,Barcelona (Sants)
315,ES1396A,no2,19,ES,Barcelona,41.3788028014672,2.133098078,2020_03_08-07:00:00,Barcelona (Sants)
316,ES1396A,no2,18,ES,Barcelona,41.3788028014672,2.133098078,2020_03_08-08:00:00,Barcelona (Sants)
317,ES1396A,no2,15,ES,Barcelona,41.3788028014672,2.133098078,2020_03_08-09:00:00,Barcelona (Sants)
318,ES1396A,no2,10,ES,Barcelona,41.3788028014672,2.133098078,2020_03_08-10:00:00,Barcelona (Sants)
319,ES1396A,no2,6,ES,Barcelona,41.3788028014672,2.133098078,2020_03_08-11:00:00,Barcelona (Sants)
320,ES1396A,no2,7,ES,Barcelona,41.3788028014672,2.133098078,2020_03_08-12:00:00,Barcelona (Sants)
321,ES1396A,no2,10,ES,Barcelona,41.3788028014672,2.133098078,2020_03_08-13:00:00,Barcelona (Sants)
322,ES1396A,no2,19,ES,Barcelona,41.3788028014672,2.133098078,2020_03_08-14:00:00,Barcelona (Sants)
323,ES1396A,no2,14,ES,Barcelona,41.3788028014672,2.133098078,2020_03_08-15:00:00,Barcelona (Sants)
324,ES1396A,no2,11,ES,Barcelona,41.3788028014672,2.133098078,2020_03_08-16:00:00,Barcelona (Sants)
325,ES1396A,no2,12,ES,Barcelona,41.3788028014672,2.133098078,2020_03_08-17:00:00,Barcelona (Sants)
326,ES1396A,no2,11,ES,Barcelona,41.3788028014672,2.133098078,2020_03_08-18:00:00,Barcelona (Sants)
327,ES1396A,no2,16,ES,Barcelona,41.3788028014672,2.133098078,2020_03_08-19:00:00,Barcelona (Sants)
328,ES1396A,no2,24,ES,Barcelona,41.3788028014672,2.133098078,2020_03_08-20:00:00,Barcelona (Sants)
329,ES1396A,no2,36,ES,Barcelona,41.3788028014672,2.133098078,2020_03_08-21:00:00,Barcelona (Sants)
330,ES1396A,no2,42,ES,Barcelona,41.3788028014672,2.133098078,2020_03_08-22:00:00,Barcelona (Sants)
331,ES1396A,no2,41,ES,Barcelona,41.3788028014672,2.133098078,2020_03_08-23:00:00,Barcelona (Sants)
332,ES1397A,no2,36,ES,Barcelona,42.0032765034659,2.287271914,2020_03_08-00:00:00,Manlleu (hospital comarcal)
333,ES1397A,no2,37,ES,Barcelona,42.0032765034659,2.287271914,2020_03_08-02:00:00,Manlleu (hospital comarcal)
334,ES1397A,no2,33,ES,Barcelona,42.0032765034659,2.287271914,2020_03_08-03:00:00,Manlleu (hospital comarcal)
335,ES1397A,no2,35,ES,Barcelona,42.0032765034659,2.287271914,2020_03_08-04:00:00,Manlleu (hospital comarcal)
336,ES1397A,no2,34,ES,Barcelona,42.0032765034659,2.287271914,2020_03_08-05:00:00,Manlleu (hospital comarcal)
337,ES1397A,no2,33,ES,Barcelona,42.0032765034659,2.287271914,2020_03_08-06:00:00,Manlleu (hospital comarcal)
338,ES1397A,no2,32,ES,Barcelona,42.0032765034659,2.287271914,2020_03_08-07:00:00,Manlleu (hospital comarcal)
339,ES1397A,no2,31,ES,Barcelona,42.0032765034659,2.287271914,2020_03_08-08:00:00,Manlleu (hospital comarcal)
340,ES1397A,no2,33,ES,Barcelona,42.0032765034659,2.287271914,2020_03_08-09:00:00,Manlleu (hospital comarcal)
341,ES1397A,no2,28,ES,Barcelona,42.0032765034659,2.287271914,2020_03_08-10:00:00,Manlleu (hospital comarcal)
342,ES1397A,no2,18,ES,Barcelona,42.0032765034659,2.287271914,2020_03_08-11:00:00,Manlleu (hospital comarcal)
343,ES1397A,no2,9,ES,Barcelona,42.0032765034659,2.287271914,2020_03_08-12:00:00,Manlleu (hospital comarcal)
344,ES1397A,no2,5,ES,Barcelona,42.0032765034659,2.287271914,2020_03_08-13:00:00,Manlleu (hospital comarcal)
345,ES1397A,no2,5,ES,Barcelona,42.0032765034659,2.287271914,2020_03_08-14:00:00,Manlleu (hospital comarcal)
346,ES1397A,no2,5,ES,Barcelona,42.0032765034659,2.287271914,2020_03_08-15:00:00,Manlleu (hospital comarcal)
347,ES1397A,no2,3,ES,Barcelona,42.0032765034659,2.287271914,2020_03_08-16:00:00,Manlleu (hospital comarcal)
348,ES1397A,no2,4,ES,Barcelona,42.0032765034659,2.287271914,2020_03_08-17:00:00,Manlleu (hospital comarcal)
349,ES1397A,no2,8,ES,Barcelona,42.0032765034659,2.287271914,2020_03_08-18:00:00,Manlleu (hospital comarcal)
350,ES1397A,no2,13,ES,Barcelona,42.0032765034659,2.287271914,2020_03_08-19:00:00,Manlleu (hospital comarcal)
351,ES1397A,no2,19,ES,Barcelona,42.0032765034659,2.287271914,2020_03_08-20:00:00,Manlleu (hospital comarcal)
352,ES1397A,no2,31,ES,Barcelona,42.0032765034659,2.287271914,2020_03_08-21:00:00,Manlleu (hospital comarcal)
353,ES1397A,no2,36,ES,Barcelona,42.0032765034659,2.287271914,2020_03_08-22:00:00,Manlleu (hospital comarcal)
354,ES1397A,no2,33,ES,Barcelona,42.0032765034659,2.287271914,2020_03_08-23:00:00,Manlleu (hospital comarcal)
355,ES1438A,no2,54,ES,Barcelona,41.3853432834672,2.15382196,2020_03_08-00:00:00,Barcelona (l'Eixample)
356,ES1438A,no2,32,ES,Barcelona,41.3853432834672,2.15382196,2020_03_08-01:00:00,Barcelona (l'Eixample)
357,ES1438A,no2,50,ES,Barcelona,41.3853432834672,2.15382196,2020_03_08-02:00:00,Barcelona (l'Eixample)
358,ES1438A,no2,44,ES,Barcelona,41.3853432834672,2.15382196,2020_03_08-03:00:00,Barcelona (l'Eixample)
359,ES1438A,no2,37,ES,Barcelona,41.3853432834672,2.15382196,2020_03_08-04:00:00,Barcelona (l'Eixample)
360,ES1438A,no2,25,ES,Barcelona,41.3853432834672,2.15382196,2020_03_08-05:00:00,Barcelona (l'Eixample)
361,ES1438A,no2,34,ES,Barcelona,41.3853432834672,2.15382196,2020_03_08-06:00:00,Barcelona (l'Eixample)
362,ES1438A,no2,37,ES,Barcelona,41.3853432834672,2.15382196,2020_03_08-07:00:00,Barcelona (l'Eixample)
363,ES1438A,no2,40,ES,Barcelona,41.3853432834672,2.15382196,2020_03_08-08:00:00,Barcelona (l'Eixample)
364,ES1438A,no2,29,ES,Barcelona,41.3853432834672,2.15382196,2020_03_08-09:00:00,Barcelona (l'Eixample)
365,ES1438A,no2,22,ES,Barcelona,41.3853432834672,2.15382196,2020_03_08-10:00:00,Barcelona (l'Eixample)
366,ES1438A,no2,20,ES,Barcelona,41.3853432834672,2.15382196,2020_03_08-11:00:00,Barcelona (l'Eixample)
367,ES1438A,no2,16,ES,Barcelona,41.3853432834672,2.15382196,2020_03_08-12:00:00,Barcelona (l'Eixample)
368,ES1438A,no2,16,ES,Barcelona,41.3853432834672,2.15382196,2020_03_08-13:00:00,Barcelona (l'Eixample)
369,ES1438A,no2,35,ES,Barcelona,41.3853432834672,2.15382196,2020_03_08-14:00:00,Barcelona (l'Eixample)
370,ES1438A,no2,33,ES,Barcelona,41.3853432834672,2.15382196,2020_03_08-15:00:00,Barcelona (l'Eixample)
371,ES1438A,no2,29,ES,Barcelona,41.3853432834672,2.15382196,2020_03_08-16:00:00,Barcelona (l'Eixample)
372,ES1438A,no2,20,ES,Barcelona,41.3853432834672,2.15382196,2020_03_08-17:00:00,Barcelona (l'Eixample)
373,ES1438A,no2,22,ES,Barcelona,41.3853432834672,2.15382196,2020_03_08-18:00:00,Barcelona (l'Eixample)
374,ES1438A,no2,32,ES,Barcelona,41.3853432834672,2.15382196,2020_03_08-19:00:00,Barcelona (l'Eixample)
375,ES1438A,no2,36,ES,Barcelona,41.3853432834672,2.15382196,2020_03_08-20:00:00,Barcelona (l'Eixample)
376,ES1438A,no2,42,ES,Barcelona,41.3853432834672,2.15382196,2020_03_08-21:00:00,Barcelona (l'Eixample)
377,ES1438A,no2,53,ES,Barcelona,41.3853432834672,2.15382196,2020_03_08-22:00:00,Barcelona (l'Eixample)
378,ES1438A,no2,46,ES,Barcelona,41.3853432834672,2.15382196,2020_03_08-23:00:00,Barcelona (l'Eixample)
379,ES1453A,no2,63,ES,Barcelona,41.4473502534671,2.209511187,2020_03_08-00:00:00,Santa Coloma de Gramenet (Balldovina)
380,ES1453A,no2,53,ES,Barcelona,41.4473502534671,2.209511187,2020_03_08-02:00:00,Santa Coloma de Gramenet (Balldovina)
381,ES1453A,no2,49,ES,Barcelona,41.4473502534671,2.209511187,2020_03_08-03:00:00,Santa Coloma de Gramenet (Balldovina)
382,ES1453A,no2,42,ES,Barcelona,41.4473502534671,2.209511187,2020_03_08-04:00:00,Santa Coloma de Gramenet (Balldovina)
383,ES1453A,no2,32,ES,Barcelona,41.4473502534671,2.209511187,2020_03_08-05:00:00,Santa Coloma de Gramenet (Balldovina)
384,ES1453A,no2,33,ES,Barcelona,41.4473502534671,2.209511187,2020_03_08-06:00:00,Santa Coloma de Gramenet (Balldovina)
385,ES1453A,no2,33,ES,Barcelona,41.4473502534671,2.209511187,2020_03_08-07:00:00,Santa Coloma de Gramenet (Balldovina)
386,ES1453A,no2,31,ES,Barcelona,41.4473502534671,2.209511187,2020_03_08-08:00:00,Santa Coloma de Gramenet (Balldovina)
387,ES1453A,no2,24,ES,Barcelona,41.4473502534671,2.209511187,2020_03_08-09:00:00,Santa Coloma de Gramenet (Balldovina)
388,ES1453A,no2,18,ES,Barcelona,41.4473502534671,2.209511187,2020_03_08-10:00:00,Santa Coloma de Gramenet (Balldovina)
389,ES1453A,no2,14,ES,Barcelona,41.4473502534671,2.209511187,2020_03_08-11:00:00,Santa Coloma de Gramenet (Balldovina)
390,ES1453A,no2,13,ES,Barcelona,41.4473502534671,2.209511187,2020_03_08-12:00:00,Santa Coloma de Gramenet (Balldovina)
391,ES1453A,no2,14,ES,Barcelona,41.4473502534671,2.209511187,2020_03_08-13:00:00,Santa Coloma de Gramenet (Balldovina)
392,ES1453A,no2,14,ES,Barcelona,41.4473502534671,2.209511187,2020_03_08-14:00:00,Santa Coloma de Gramenet (Balldovina)
393,ES1453A,no2,15,ES,Barcelona,41.4473502534671,2.209511187,2020_03_08-15:00:00,Santa Coloma de Gramenet (Balldovina)
394,ES1453A,no2,13,ES,Barcelona,41.4473502534671,2.209511187,2020_03_08-16:00:00,Santa Coloma de Gramenet (Balldovina)
395,ES1453A,no2,16,ES,Barcelona,41.4473502534671,2.209511187,2020_03_08-17:00:00,Santa Coloma de Gramenet (Balldovina)
396,ES1453A,no2,18,ES,Barcelona,41.4473502534671,2.209511187,2020_03_08-18:00:00,Santa Coloma de Gramenet (Balldovina)
397,ES1453A,no2,21,ES,Barcelona,41.4473502534671,2.209511187,2020_03_08-19:00:00,Santa Coloma de Gramenet (Balldovina)
398,ES1453A,no2,41,ES,Barcelona,41.4473502534671,2.209511187,2020_03_08-20:00:00,Santa Coloma de Gramenet (Balldovina)
399,ES1453A,no2,49,ES,Barcelona,41.4473502534671,2.209511187,2020_03_08-21:00:00,Santa Coloma de Gramenet (Balldovina)
400,ES1453A,no2,60,ES,Barcelona,41.4473502534671,2.209511187,2020_03_08-22:00:00,Santa Coloma de Gramenet (Balldovina)
401,ES1453A,no2,67,ES,Barcelona,41.4473502534671,2.209511187,2020_03_08-23:00:00,Santa Coloma de Gramenet (Balldovina)
402,ES1480A,no2,29,ES,Barcelona,41.3987432504672,2.153385124,2020_03_08-00:00:00,Barcelona (Gràcia - Sant Gervasi)
403,ES1480A,no2,23,ES,Barcelona,41.3987432504672,2.153385124,2020_03_08-01:00:00,Barcelona (Gràcia - Sant Gervasi)
404,ES1480A,no2,39,ES,Barcelona,41.3987432504672,2.153385124,2020_03_08-02:00:00,Barcelona (Gràcia - Sant Gervasi)
405,ES1480A,no2,35,ES,Barcelona,41.3987432504672,2.153385124,2020_03_08-03:00:00,Barcelona (Gràcia - Sant Gervasi)
406,ES1480A,no2,26,ES,Barcelona,41.3987432504672,2.153385124,2020_03_08-04:00:00,Barcelona (Gràcia - Sant Gervasi)
407,ES1480A,no2,24,ES,Barcelona,41.3987432504672,2.153385124,2020_03_08-05:00:00,Barcelona (Gràcia - Sant Gervasi)
408,ES1480A,no2,24,ES,Barcelona,41.3987432504672,2.153385124,2020_03_08-06:00:00,Barcelona (Gràcia - Sant Gervasi)
409,ES1480A,no2,31,ES,Barcelona,41.3987432504672,2.153385124,2020_03_08-07:00:00,Barcelona (Gràcia - Sant Gervasi)
410,ES1480A,no2,29,ES,Barcelona,41.3987432504672,2.153385124,2020_03_08-08:00:00,Barcelona (Gràcia - Sant Gervasi)
411,ES1480A,no2,23,ES,Barcelona,41.3987432504672,2.153385124,2020_03_08-09:00:00,Barcelona (Gràcia - Sant Gervasi)
412,ES1480A,no2,11,ES,Barcelona,41.3987432504672,2.153385124,2020_03_08-10:00:00,Barcelona (Gràcia - Sant Gervasi)
413,ES1480A,no2,9,ES,Barcelona,41.3987432504672,2.153385124,2020_03_08-11:00:00,Barcelona (Gràcia - Sant Gervasi)
414,ES1480A,no2,10,ES,Barcelona,41.3987432504672,2.153385124,2020_03_08-12:00:00,Barcelona (Gràcia - Sant Gervasi)
415,ES1480A,no2,20,ES,Barcelona,41.3987432504672,2.153385124,2020_03_08-13:00:00,Barcelona (Gràcia - Sant Gervasi)
416,ES1480A,no2,26,ES,Barcelona,41.3987432504672,2.153385124,2020_03_08-14:00:00,Barcelona (Gràcia - Sant Gervasi)
417,ES1480A,no2,20,ES,Barcelona,41.3987432504672,2.153385124,2020_03_08-15:00:00,Barcelona (Gràcia - Sant Gervasi)
418,ES1480A,no2,19,ES,Barcelona,41.3987432504672,2.153385124,2020_03_08-16:00:00,Barcelona (Gràcia - Sant Gervasi)
419,ES1480A,no2,19,ES,Barcelona,41.3987432504672,2.153385124,2020_03_08-17:00:00,Barcelona (Gràcia - Sant Gervasi)
420,ES1480A,no2,20,ES,Barcelona,41.3987432504672,2.153385124,2020_03_08-18:00:00,Barcelona (Gràcia - Sant Gervasi)
421,ES1480A,no2,28,ES,Barcelona,41.3987432504672,2.153385124,2020_03_08-19:00:00,Barcelona (Gràcia - Sant Gervasi)
422,ES1480A,no2,42,ES,Barcelona,41.3987432504672,2.153385124,2020_03_08-20:00:00,Barcelona (Gràcia - Sant Gervasi)
423,ES1480A,no2,45,ES,Barcelona,41.3987432504672,2.153385124,2020_03_08-21:00:00,Barcelona (Gràcia - Sant Gervasi)
424,ES1480A,no2,45,ES,Barcelona,41.3987432504672,2.153385124,2020_03_08-22:00:00,Barcelona (Gràcia - Sant Gervasi)
425,ES1480A,no2,57,ES,Barcelona,41.3987432504672,2.153385124,2020_03_08-23:00:00,Barcelona (Gràcia - Sant Gervasi)
426,ES1551A,no2,21,ES,Barcelona,41.512675807467,2.125383709,2020_03_08-00:00:00,Barberà del Vallès (Moragues - Montserrat)
427,ES1551A,no2,20,ES,Barcelona,41.512675807467,2.125383709,2020_03_08-01:00:00,Barberà del Vallès (Moragues - Montserrat)
428,ES1551A,no2,38,ES,Barcelona,41.512675807467,2.125383709,2020_03_08-02:00:00,Barberà del Vallès (Moragues - Montserrat)
429,ES1551A,no2,37,ES,Barcelona,41.512675807467,2.125383709,2020_03_08-03:00:00,Barberà del Vallès (Moragues - Montserrat)
430,ES1551A,no2,44,ES,Barcelona,41.512675807467,2.125383709,2020_03_08-04:00:00,Barberà del Vallès (Moragues - Montserrat)
431,ES1551A,no2,52,ES,Barcelona,41.512675807467,2.125383709,2020_03_08-05:00:00,Barberà del Vallès (Moragues - Montserrat)
432,ES1551A,no2,50,ES,Barcelona,41.512675807467,2.125383709,2020_03_08-06:00:00,Barberà del Vallès (Moragues - Montserrat)
433,ES1551A,no2,39,ES,Barcelona,41.512675807467,2.125383709,2020_03_08-07:00:00,Barberà del Vallès (Moragues - Montserrat)
434,ES1551A,no2,32,ES,Barcelona,41.512675807467,2.125383709,2020_03_08-08:00:00,Barberà del Vallès (Moragues - Montserrat)
435,ES1551A,no2,30,ES,Barcelona,41.512675807467,2.125383709,2020_03_08-09:00:00,Barberà del Vallès (Moragues - Montserrat)
436,ES1551A,no2,28,ES,Barcelona,41.512675807467,2.125383709,2020_03_08-10:00:00,Barberà del Vallès (Moragues - Montserrat)
437,ES1551A,no2,7,ES,Barcelona,41.512675807467,2.125383709,2020_03_08-11:00:00,Barberà del Vallès (Moragues - Montserrat)
438,ES1551A,no2,8,ES,Barcelona,41.512675807467,2.125383709,2020_03_08-12:00:00,Barberà del Vallès (Moragues - Montserrat)
439,ES1551A,no2,3,ES,Barcelona,41.512675807467,2.125383709,2020_03_08-13:00:00,Barberà del Vallès (Moragues - Montserrat)
440,ES1551A,no2,5,ES,Barcelona,41.512675807467,2.125383709,2020_03_08-14:00:00,Barberà del Vallès (Moragues - Montserrat)
441,ES1551A,no2,22,ES,Barcelona,41.512675807467,2.125383709,2020_03_08-15:00:00,Barberà del Vallès (Moragues - Montserrat)
442,ES1551A,no2,24,ES,Barcelona,41.512675807467,2.125383709,2020_03_08-16:00:00,Barberà del Vallès (Moragues - Montserrat)
443,ES1551A,no2,13,ES,Barcelona,41.512675807467,2.125383709,2020_03_08-17:00:00,Barberà del Vallès (Moragues - Montserrat)
444,ES1551A,no2,17,ES,Barcelona,41.512675807467,2.125383709,2020_03_08-18:00:00,Barberà del Vallès (Moragues - Montserrat)
445,ES1551A,no2,21,ES,Barcelona,41.512675807467,2.125383709,2020_03_08-19:00:00,Barberà del Vallès (Moragues - Montserrat)
446,ES1551A,no2,19,ES,Barcelona,41.512675807467,2.125383709,2020_03_08-20:00:00,Barberà del Vallès (Moragues - Montserrat)
447,ES1551A,no2,32,ES,Barcelona,41.512675807467,2.125383709,2020_03_08-21:00:00,Barberà del Vallès (Moragues - Montserrat)
448,ES1551A,no2,70,ES,Barcelona,41.512675807467,2.125383709,2020_03_08-22:00:00,Barberà del Vallès (Moragues - Montserrat)
449,ES1551A,no2,59,ES,Barcelona,41.512675807467,2.125383709,2020_03_08-23:00:00,Barberà del Vallès (Moragues - Montserrat)
450,ES1679A,no2,5,ES,Barcelona,41.3864139334672,2.187416735,2020_03_08-00:00:00,Barcelona (Ciutadella)
451,ES1679A,no2,12,ES,Barcelona,41.3864139334672,2.187416735,2020_03_08-01:00:00,Barcelona (Ciutadella)
452,ES1679A,no2,48,ES,Barcelona,41.3864139334672,2.187416735,2020_03_08-02:00:00,Barcelona (Ciutadella)
453,ES1679A,no2,34,ES,Barcelona,41.3864139334672,2.187416735,2020_03_08-03:00:00,Barcelona (Ciutadella)
454,ES1679A,no2,18,ES,Barcelona,41.3864139334672,2.187416735,2020_03_08-04:00:00,Barcelona (Ciutadella)
455,ES1679A,no2,19,ES,Barcelona,41.3864139334672,2.187416735,2020_03_08-05:00:00,Barcelona (Ciutadella)
456,ES1679A,no2,19,ES,Barcelona,41.3864139334672,2.187416735,2020_03_08-06:00:00,Barcelona (Ciutadella)
457,ES1679A,no2,24,ES,Barcelona,41.3864139334672,2.187416735,2020_03_08-07:00:00,Barcelona (Ciutadella)
458,ES1679A,no2,36,ES,Barcelona,41.3864139334672,2.187416735,2020_03_08-08:00:00,Barcelona (Ciutadella)
459,ES1679A,no2,33,ES,Barcelona,41.3864139334672,2.187416735,2020_03_08-09:00:00,Barcelona (Ciutadella)
460,ES1679A,no2,12,ES,Barcelona,41.3864139334672,2.187416735,2020_03_08-10:00:00,Barcelona (Ciutadella)
461,ES1679A,no2,6,ES,Barcelona,41.3864139334672,2.187416735,2020_03_08-11:00:00,Barcelona (Ciutadella)
462,ES1679A,no2,8,ES,Barcelona,41.3864139334672,2.187416735,2020_03_08-12:00:00,Barcelona (Ciutadella)
463,ES1679A,no2,13,ES,Barcelona,41.3864139334672,2.187416735,2020_03_08-13:00:00,Barcelona (Ciutadella)
464,ES1679A,no2,12,ES,Barcelona,41.3864139334672,2.187416735,2020_03_08-14:00:00,Barcelona (Ciutadella)
465,ES1679A,no2,15,ES,Barcelona,41.3864139334672,2.187416735,2020_03_08-15:00:00,Barcelona (Ciutadella)
466,ES1679A,no2,21,ES,Barcelona,41.3864139334672,2.187416735,2020_03_08-16:00:00,Barcelona (Ciutadella)
467,ES1679A,no2,36,ES,Barcelona,41.3864139334672,2.187416735,2020_03_08-17:00:00,Barcelona (Ciutadella)
468,ES1679A,no2,27,ES,Barcelona,41.3864139334672,2.187416735,2020_03_08-18:00:00,Barcelona (Ciutadella)
469,ES1679A,no2,21,ES,Barcelona,41.3864139334672,2.187416735,2020_03_08-19:00:00,Barcelona (Ciutadella)
470,ES1679A,no2,29,ES,Barcelona,41.3864139334672,2.187416735,2020_03_08-20:00:00,Barcelona (Ciutadella)
471,ES1679A,no2,32,ES,Barcelona,41.3864139334672,2.187416735,2020_03_08-21:00:00,Barcelona (Ciutadella)
472,ES1679A,no2,42,ES,Barcelona,41.3864139334672,2.187416735,2020_03_08-22:00:00,Barcelona (Ciutadella)
473,ES1679A,no2,49,ES,Barcelona,41.3864139334672,2.187416735,2020_03_08-23:00:00,Barcelona (Ciutadella)
474,ES1684A,no2,21,ES,Barcelona,41.492082862467,2.042497085,2020_03_08-00:00:00,Rubí (ca n'Oriol)
475,ES1684A,no2,34,ES,Barcelona,41.492082862467,2.042497085,2020_03_08-01:00:00,Rubí (ca n'Oriol)
476,ES1684A,no2,42,ES,Barcelona,41.492082862467,2.042497085,2020_03_08-02:00:00,Rubí (ca n'Oriol)
477,ES1684A,no2,36,ES,Barcelona,41.492082862467,2.042497085,2020_03_08-03:00:00,Rubí (ca n'Oriol)
478,ES1684A,no2,47,ES,Barcelona,41.492082862467,2.042497085,2020_03_08-04:00:00,Rubí (ca n'Oriol)
479,ES1684A,no2,42,ES,Barcelona,41.492082862467,2.042497085,2020_03_08-05:00:00,Rubí (ca n'Oriol)
480,ES1684A,no2,34,ES,Barcelona,41.492082862467,2.042497085,2020_03_08-06:00:00,Rubí (ca n'Oriol)
481,ES1684A,no2,33,ES,Barcelona,41.492082862467,2.042497085,2020_03_08-07:00:00,Rubí (ca n'Oriol)
482,ES1684A,no2,30,ES,Barcelona,41.492082862467,2.042497085,2020_03_08-08:00:00,Rubí (ca n'Oriol)
483,ES1684A,no2,16,ES,Barcelona,41.492082862467,2.042497085,2020_03_08-09:00:00,Rubí (ca n'Oriol)
484,ES1684A,no2,10,ES,Barcelona,41.492082862467,2.042497085,2020_03_08-10:00:00,Rubí (ca n'Oriol)
485,ES1684A,no2,5,ES,Barcelona,41.492082862467,2.042497085,2020_03_08-11:00:00,Rubí (ca n'Oriol)
486,ES1684A,no2,3,ES,Barcelona,41.492082862467,2.042497085,2020_03_08-12:00:00,Rubí (ca n'Oriol)
487,ES1684A,no2,3,ES,Barcelona,41.492082862467,2.042497085,2020_03_08-13:00:00,Rubí (ca n'Oriol)
488,ES1684A,no2,4,ES,Barcelona,41.492082862467,2.042497085,2020_03_08-14:00:00,Rubí (ca n'Oriol)
489,ES1684A,no2,5,ES,Barcelona,41.492082862467,2.042497085,2020_03_08-15:00:00,Rubí (ca n'Oriol)
490,ES1684A,no2,9,ES,Barcelona,41.492082862467,2.042497085,2020_03_08-16:00:00,Rubí (ca n'Oriol)
491,ES1684A,no2,8,ES,Barcelona,41.492082862467,2.042497085,2020_03_08-17:00:00,Rubí (ca n'Oriol)
492,ES1684A,no2,10,ES,Barcelona,41.492082862467,2.042497085,2020_03_08-18:00:00,Rubí (ca n'Oriol)
493,ES1684A,no2,14,ES,Barcelona,41.492082862467,2.042497085,2020_03_08-19:00:00,Rubí (ca n'Oriol)
494,ES1684A,no2,19,ES,Barcelona,41.492082862467,2.042497085,2020_03_08-20:00:00,Rubí (ca n'Oriol)
495,ES1684A,no2,34,ES,Barcelona,41.492082862467,2.042497085,2020_03_08-21:00:00,Rubí (ca n'Oriol)
496,ES1684A,no2,25,ES,Barcelona,41.492082862467,2.042497085,2020_03_08-22:00:00,Rubí (ca n'Oriol)
497,ES1684A,no2,33,ES,Barcelona,41.492082862467,2.042497085,2020_03_08-23:00:00,Rubí (ca n'Oriol)
498,ES1773A,no2,10,ES,Barcelona,41.2022318394677,1.672200024,2020_03_08-00:00:00,Cubelles (poliesportiu)
499,ES1773A,no2,11,ES,Barcelona,41.2022318394677,1.672200024,2020_03_08-01:00:00,Cubelles (poliesportiu)
500,ES1773A,no2,7,ES,Barcelona,41.2022318394677,1.672200024,2020_03_08-02:00:00,Cubelles (poliesportiu)
501,ES1773A,no2,11,ES,Barcelona,41.2022318394677,1.672200024,2020_03_08-03:00:00,Cubelles (poliesportiu)
502,ES1773A,no2,6,ES,Barcelona,41.2022318394677,1.672200024,2020_03_08-04:00:00,Cubelles (poliesportiu)
503,ES1773A,no2,4,ES,Barcelona,41.2022318394677,1.672200024,2020_03_08-05:00:00,Cubelles (poliesportiu)
504,ES1773A,no2,4,ES,Barcelona,41.2022318394677,1.672200024,2020_03_08-06:00:00,Cubelles (poliesportiu)
505,ES1773A,no2,5,ES,Barcelona,41.2022318394677,1.672200024,2020_03_08-07:00:00,Cubelles (poliesportiu)
506,ES1773A,no2,5,ES,Barcelona,41.2022318394677,1.672200024,2020_03_08-08:00:00,Cubelles (poliesportiu)
507,ES1773A,no2,8,ES,Barcelona,41.2022318394677,1.672200024,2020_03_08-09:00:00,Cubelles (poliesportiu)
508,ES1773A,no2,10,ES,Barcelona,41.2022318394677,1.672200024,2020_03_08-10:00:00,Cubelles (poliesportiu)
509,ES1773A,no2,3,ES,Barcelona,41.2022318394677,1.672200024,2020_03_08-11:00:00,Cubelles (poliesportiu)
510,ES1773A,no2,2,ES,Barcelona,41.2022318394677,1.672200024,2020_03_08-12:00:00,Cubelles (poliesportiu)
511,ES1773A,no2,1,ES,Barcelona,41.2022318394677,1.672200024,2020_03_08-13:00:00,Cubelles (poliesportiu)
512,ES1773A,no2,1,ES,Barcelona,41.2022318394677,1.672200024,2020_03_08-14:00:00,Cubelles (poliesportiu)
513,ES1773A,no2,1,ES,Barcelona,41.2022318394677,1.672200024,2020_03_08-15:00:00,Cubelles (poliesportiu)
514,ES1773A,no2,1,ES,Barcelona,41.2022318394677,1.672200024,2020_03_08-16:00:00,Cubelles (poliesportiu)
515,ES1773A,no2,1,ES,Barcelona,41.2022318394677,1.672200024,2020_03_08-17:00:00,Cubelles (poliesportiu)
516,ES1773A,no2,1,ES,Barcelona,41.2022318394677,1.672200024,2020_03_08-18:00:00,Cubelles (poliesportiu)
517,ES1773A,no2,2,ES,Barcelona,41.2022318394677,1.672200024,2020_03_08-19:00:00,Cubelles (poliesportiu)
518,ES1773A,no2,4,ES,Barcelona,41.2022318394677,1.672200024,2020_03_08-20:00:00,Cubelles (poliesportiu)
519,ES1773A,no2,10,ES,Barcelona,41.2022318394677,1.672200024,2020_03_08-21:00:00,Cubelles (poliesportiu)
520,ES1773A,no2,15,ES,Barcelona,41.2022318394677,1.672200024,2020_03_08-22:00:00,Cubelles (poliesportiu)
521,ES1773A,no2,14,ES,Barcelona,41.2022318394677,1.672200024,2020_03_08-23:00:00,Cubelles (poliesportiu)
522,ES1778A,no2,3,ES,Barcelona,41.7793434514664,2.358018901,2020_03_08-00:00:00,Montseny (la Castanya)
523,ES1778A,no2,2,ES,Barcelona,41.7793434514664,2.358018901,2020_03_08-01:00:00,Montseny (la Castanya)
524,ES1778A,no2,2,ES,Barcelona,41.7793434514664,2.358018901,2020_03_08-02:00:00,Montseny (la Castanya)
525,ES1778A,no2,2,ES,Barcelona,41.7793434514664,2.358018901,2020_03_08-03:00:00,Montseny (la Castanya)
526,ES1778A,no2,2,ES,Barcelona,41.7793434514664,2.358018901,2020_03_08-04:00:00,Montseny (la Castanya)
527,ES1778A,no2,2,ES,Barcelona,41.7793434514664,2.358018901,2020_03_08-05:00:00,Montseny (la Castanya)
528,ES1778A,no2,2,ES,Barcelona,41.7793434514664,2.358018901,2020_03_08-06:00:00,Montseny (la Castanya)
529,ES1778A,no2,1,ES,Barcelona,41.7793434514664,2.358018901,2020_03_08-07:00:00,Montseny (la Castanya)
530,ES1778A,no2,1,ES,Barcelona,41.7793434514664,2.358018901,2020_03_08-08:00:00,Montseny (la Castanya)
531,ES1778A,no2,1,ES,Barcelona,41.7793434514664,2.358018901,2020_03_08-09:00:00,Montseny (la Castanya)
532,ES1778A,no2,1,ES,Barcelona,41.7793434514664,2.358018901,2020_03_08-10:00:00,Montseny (la Castanya)
533,ES1778A,no2,2,ES,Barcelona,41.7793434514664,2.358018901,2020_03_08-11:00:00,Montseny (la Castanya)
534,ES1778A,no2,3,ES,Barcelona,41.7793434514664,2.358018901,2020_03_08-12:00:00,Montseny (la Castanya)
535,ES1778A,no2,5,ES,Barcelona,41.7793434514664,2.358018901,2020_03_08-13:00:00,Montseny (la Castanya)
536,ES1778A,no2,6,ES,Barcelona,41.7793434514664,2.358018901,2020_03_08-14:00:00,Montseny (la Castanya)
537,ES1778A,no2,7,ES,Barcelona,41.7793434514664,2.358018901,2020_03_08-15:00:00,Montseny (la Castanya)
538,ES1778A,no2,7,ES,Barcelona,41.7793434514664,2.358018901,2020_03_08-16:00:00,Montseny (la Castanya)
539,ES1778A,no2,7,ES,Barcelona,41.7793434514664,2.358018901,2020_03_08-17:00:00,Montseny (la Castanya)
540,ES1778A,no2,6,ES,Barcelona,41.7793434514664,2.358018901,2020_03_08-18:00:00,Montseny (la Castanya)
541,ES1778A,no2,6,ES,Barcelona,41.7793434514664,2.358018901,2020_03_08-19:00:00,Montseny (la Castanya)
542,ES1778A,no2,5,ES,Barcelona,41.7793434514664,2.358018901,2020_03_08-20:00:00,Montseny (la Castanya)
543,ES1778A,no2,3,ES,Barcelona,41.7793434514664,2.358018901,2020_03_08-21:00:00,Montseny (la Castanya)
544,ES1778A,no2,2,ES,Barcelona,41.7793434514664,2.358018901,2020_03_08-22:00:00,Montseny (la Castanya)
545,ES1778A,no2,2,ES,Barcelona,41.7793434514664,2.358018901,2020_03_08-23:00:00,Montseny (la Castanya)
546,ES1814A,no2,58,ES,Barcelona,41.5491688934669,2.212050059,2020_03_08-00:00:00,Mollet del Vallès (pista d'atletisme)
547,ES1814A,no2,57,ES,Barcelona,41.5491688934669,2.212050059,2020_03_08-01:00:00,Mollet del Vallès (pista d'atletisme)
548,ES1814A,no2,42,ES,Barcelona,41.5491688934669,2.212050059,2020_03_08-02:00:00,Mollet del Vallès (pista d'atletisme)
549,ES1814A,no2,41,ES,Barcelona,41.5491688934669,2.212050059,2020_03_08-03:00:00,Mollet del Vallès (pista d'atletisme)
550,ES1814A,no2,33,ES,Barcelona,41.5491688934669,2.212050059,2020_03_08-04:00:00,Mollet del Vallès (pista d'atletisme)
551,ES1814A,no2,28,ES,Barcelona,41.5491688934669,2.212050059,2020_03_08-05:00:00,Mollet del Vallès (pista d'atletisme)
552,ES1814A,no2,38,ES,Barcelona,41.5491688934669,2.212050059,2020_03_08-06:00:00,Mollet del Vallès (pista d'atletisme)
553,ES1814A,no2,35,ES,Barcelona,41.5491688934669,2.212050059,2020_03_08-07:00:00,Mollet del Vallès (pista d'atletisme)
554,ES1814A,no2,30,ES,Barcelona,41.5491688934669,2.212050059,2020_03_08-08:00:00,Mollet del Vallès (pista d'atletisme)
555,ES1814A,no2,34,ES,Barcelona,41.5491688934669,2.212050059,2020_03_08-09:00:00,Mollet del Vallès (pista d'atletisme)
556,ES1814A,no2,32,ES,Barcelona,41.5491688934669,2.212050059,2020_03_08-10:00:00,Mollet del Vallès (pista d'atletisme)
557,ES1814A,no2,29,ES,Barcelona,41.5491688934669,2.212050059,2020_03_08-11:00:00,Mollet del Vallès (pista d'atletisme)
558,ES1814A,no2,16,ES,Barcelona,41.5491688934669,2.212050059,2020_03_08-12:00:00,Mollet del Vallès (pista d'atletisme)
559,ES1814A,no2,11,ES,Barcelona,41.5491688934669,2.212050059,2020_03_08-13:00:00,Mollet del Vallès (pista d'atletisme)
560,ES1814A,no2,7,ES,Barcelona,41.5491688934669,2.212050059,2020_03_08-14:00:00,Mollet del Vallès (pista d'atletisme)
561,ES1814A,no2,11,ES,Barcelona,41.5491688934669,2.212050059,2020_03_08-15:00:00,Mollet del Vallès (pista d'atletisme)
562,ES1814A,no2,10,ES,Barcelona,41.5491688934669,2.212050059,2020_03_08-16:00:00,Mollet del Vallès (pista d'atletisme)
563,ES1814A,no2,11,ES,Barcelona,41.5491688934669,2.212050059,2020_03_08-17:00:00,Mollet del Vallès (pista d'atletisme)
564,ES1814A,no2,20,ES,Barcelona,41.5491688934669,2.212050059,2020_03_08-18:00:00,Mollet del Vallès (pista d'atletisme)
565,ES1814A,no2,20,ES,Barcelona,41.5491688934669,2.212050059,2020_03_08-19:00:00,Mollet del Vallès (pista d'atletisme)
566,ES1814A,no2,86,ES,Barcelona,41.5491688934669,2.212050059,2020_03_08-20:00:00,Mollet del Vallès (pista d'atletisme)
567,ES1814A,no2,85,ES,Barcelona,41.5491688934669,2.212050059,2020_03_08-21:00:00,Mollet del Vallès (pista d'atletisme)
568,ES1814A,no2,82,ES,Barcelona,41.5491688934669,2.212050059,2020_03_08-22:00:00,Mollet del Vallès (pista d'atletisme)
569,ES1814A,no2,59,ES,Barcelona,41.5491688934669,2.212050059,2020_03_08-23:00:00,Mollet del Vallès (pista d'atletisme)
570,ES1815A,no2,20,ES,Barcelona,41.3468230374673,1.686575492,2020_03_08-00:00:00,Vilafranca del Penedès (zona esportiva)
571,ES1815A,no2,16,ES,Barcelona,41.3468230374673,1.686575492,2020_03_08-01:00:00,Vilafranca del Penedès (zona esportiva)
572,ES1815A,no2,10,ES,Barcelona,41.3468230374673,1.686575492,2020_03_08-02:00:00,Vilafranca del Penedès (zona esportiva)
573,ES1815A,no2,9,ES,Barcelona,41.3468230374673,1.686575492,2020_03_08-03:00:00,Vilafranca del Penedès (zona esportiva)
574,ES1815A,no2,11,ES,Barcelona,41.3468230374673,1.686575492,2020_03_08-04:00:00,Vilafranca del Penedès (zona esportiva)
575,ES1815A,no2,10,ES,Barcelona,41.3468230374673,1.686575492,2020_03_08-05:00:00,Vilafranca del Penedès (zona esportiva)
576,ES1815A,no2,13,ES,Barcelona,41.3468230374673,1.686575492,2020_03_08-06:00:00,Vilafranca del Penedès (zona esportiva)
577,ES1815A,no2,14,ES,Barcelona,41.3468230374673,1.686575492,2020_03_08-07:00:00,Vilafranca del Penedès (zona esportiva)
578,ES1815A,no2,11,ES,Barcelona,41.3468230374673,1.686575492,2020_03_08-08:00:00,Vilafranca del Penedès (zona esportiva)
579,ES1815A,no2,10,ES,Barcelona,41.3468230374673,1.686575492,2020_03_08-09:00:00,Vilafranca del Penedès (zona esportiva)
580,ES1815A,no2,7,ES,Barcelona,41.3468230374673,1.686575492,2020_03_08-10:00:00,Vilafranca del Penedès (zona esportiva)
581,ES1815A,no2,5,ES,Barcelona,41.3468230374673,1.686575492,2020_03_08-11:00:00,Vilafranca del Penedès (zona esportiva)
582,ES1815A,no2,4,ES,Barcelona,41.3468230374673,1.686575492,2020_03_08-12:00:00,Vilafranca del Penedès (zona esportiva)
583,ES1815A,no2,5,ES,Barcelona,41.3468230374673,1.686575492,2020_03_08-13:00:00,Vilafranca del Penedès (zona esportiva)
584,ES1815A,no2,9,ES,Barcelona,41.3468230374673,1.686575492,2020_03_08-14:00:00,Vilafranca del Penedès (zona esportiva)
585,ES1815A,no2,6,ES,Barcelona,41.3468230374673,1.686575492,2020_03_08-15:00:00,Vilafranca del Penedès (zona esportiva)
586,ES1815A,no2,5,ES,Barcelona,41.3468230374673,1.686575492,2020_03_08-16:00:00,Vilafranca del Penedès (zona esportiva)
587,ES1815A,no2,5,ES,Barcelona,41.3468230374673,1.686575492,2020_03_08-17:00:00,Vilafranca del Penedès (zona esportiva)
588,ES1815A,no2,7,ES,Barcelona,41.3468230374673,1.686575492,2020_03_08-18:00:00,Vilafranca del Penedès (zona esportiva)
589,ES1815A,no2,9,ES,Barcelona,41.3468230374673,1.686575492,2020_03_08-19:00:00,Vilafranca del Penedès (zona esportiva)
590,ES1815A,no2,16,ES,Barcelona,41.3468230374673,1.686575492,2020_03_08-20:00:00,Vilafranca del Penedès (zona esportiva)
591,ES1815A,no2,18,ES,Barcelona,41.3468230374673,1.686575492,2020_03_08-21:00:00,Vilafranca del Penedès (zona esportiva)
592,ES1815A,no2,15,ES,Barcelona,41.3468230374673,1.686575492,2020_03_08-22:00:00,Vilafranca del Penedès (zona esportiva)
593,ES1815A,no2,20,ES,Barcelona,41.3468230374673,1.686575492,2020_03_08-23:00:00,Vilafranca del Penedès (zona esportiva)
594,ES1816A,no2,50,ES,Barcelona,41.5471597114669,2.443253787,2020_03_08-00:00:00,Mataró (passeig dels Molins)
595,ES1816A,no2,39,ES,Barcelona,41.5471597114669,2.443253787,2020_03_08-01:00:00,Mataró (passeig dels Molins)
596,ES1816A,no2,26,ES,Barcelona,41.5471597114669,2.443253787,2020_03_08-02:00:00,Mataró (passeig dels Molins)
597,ES1816A,no2,13,ES,Barcelona,41.5471597114669,2.443253787,2020_03_08-03:00:00,Mataró (passeig dels Molins)
598,ES1816A,no2,11,ES,Barcelona,41.5471597114669,2.443253787,2020_03_08-04:00:00,Mataró (passeig dels Molins)
599,ES1816A,no2,8,ES,Barcelona,41.5471597114669,2.443253787,2020_03_08-05:00:00,Mataró (passeig dels Molins)
600,ES1816A,no2,10,ES,Barcelona,41.5471597114669,2.443253787,2020_03_08-06:00:00,Mataró (passeig dels Molins)
601,ES1816A,no2,14,ES,Barcelona,41.5471597114669,2.443253787,2020_03_08-07:00:00,Mataró (passeig dels Molins)
602,ES1816A,no2,22,ES,Barcelona,41.5471597114669,2.443253787,2020_03_08-08:00:00,Mataró (passeig dels Molins)
603,ES1816A,no2,16,ES,Barcelona,41.5471597114669,2.443253787,2020_03_08-09:00:00,Mataró (passeig dels Molins)
604,ES1816A,no2,9,ES,Barcelona,41.5471597114669,2.443253787,2020_03_08-10:00:00,Mataró (passeig dels Molins)
605,ES1816A,no2,8,ES,Barcelona,41.5471597114669,2.443253787,2020_03_08-11:00:00,Mataró (passeig dels Molins)
606,ES1816A,no2,6,ES,Barcelona,41.5471597114669,2.443253787,2020_03_08-12:00:00,Mataró (passeig dels Molins)
607,ES1816A,no2,7,ES,Barcelona,41.5471597114669,2.443253787,2020_03_08-13:00:00,Mataró (passeig dels Molins)
608,ES1816A,no2,9,ES,Barcelona,41.5471597114669,2.443253787,2020_03_08-14:00:00,Mataró (passeig dels Molins)
609,ES1816A,no2,7,ES,Barcelona,41.5471597114669,2.443253787,2020_03_08-16:00:00,Mataró (passeig dels Molins)
610,ES1816A,no2,9,ES,Barcelona,41.5471597114669,2.443253787,2020_03_08-17:00:00,Mataró (passeig dels Molins)
611,ES1816A,no2,14,ES,Barcelona,41.5471597114669,2.443253787,2020_03_08-18:00:00,Mataró (passeig dels Molins)
612,ES1816A,no2,17,ES,Barcelona,41.5471597114669,2.443253787,2020_03_08-19:00:00,Mataró (passeig dels Molins)
613,ES1816A,no2,18,ES,Barcelona,41.5471597114669,2.443253787,2020_03_08-20:00:00,Mataró (passeig dels Molins)
614,ES1816A,no2,38,ES,Barcelona,41.5471597114669,2.443253787,2020_03_08-21:00:00,Mataró (passeig dels Molins)
615,ES1816A,no2,35,ES,Barcelona,41.5471597114669,2.443253787,2020_03_08-22:00:00,Mataró (passeig dels Molins)
616,ES1816A,no2,30,ES,Barcelona,41.5471597114669,2.443253787,2020_03_08-23:00:00,Mataró (passeig dels Molins)
617,ES1817A,no2,51,ES,Barcelona,41.5267059304669,2.183795315,2020_03_08-00:00:00,Santa Perpètua de Mogoda (Onze de Setembre)
618,ES1817A,no2,53,ES,Barcelona,41.5267059304669,2.183795315,2020_03_08-01:00:00,Santa Perpètua de Mogoda (Onze de Setembre)
619,ES1817A,no2,50,ES,Barcelona,41.5267059304669,2.183795315,2020_03_08-02:00:00,Santa Perpètua de Mogoda (Onze de Setembre)
620,ES1817A,no2,44,ES,Barcelona,41.5267059304669,2.183795315,2020_03_08-03:00:00,Santa Perpètua de Mogoda (Onze de Setembre)
621,ES1817A,no2,40,ES,Barcelona,41.5267059304669,2.183795315,2020_03_08-04:00:00,Santa Perpètua de Mogoda (Onze de Setembre)
622,ES1817A,no2,37,ES,Barcelona,41.5267059304669,2.183795315,2020_03_08-05:00:00,Santa Perpètua de Mogoda (Onze de Setembre)
623,ES1817A,no2,32,ES,Barcelona,41.5267059304669,2.183795315,2020_03_08-06:00:00,Santa Perpètua de Mogoda (Onze de Setembre)
624,ES1817A,no2,28,ES,Barcelona,41.5267059304669,2.183795315,2020_03_08-07:00:00,Santa Perpètua de Mogoda (Onze de Setembre)
625,ES1817A,no2,29,ES,Barcelona,41.5267059304669,2.183795315,2020_03_08-08:00:00,Santa Perpètua de Mogoda (Onze de Setembre)
626,ES1817A,no2,26,ES,Barcelona,41.5267059304669,2.183795315,2020_03_08-09:00:00,Santa Perpètua de Mogoda (Onze de Setembre)
627,ES1817A,no2,28,ES,Barcelona,41.5267059304669,2.183795315,2020_03_08-10:00:00,Santa Perpètua de Mogoda (Onze de Setembre)
628,ES1817A,no2,22,ES,Barcelona,41.5267059304669,2.183795315,2020_03_08-11:00:00,Santa Perpètua de Mogoda (Onze de Setembre)
629,ES1817A,no2,12,ES,Barcelona,41.5267059304669,2.183795315,2020_03_08-12:00:00,Santa Perpètua de Mogoda (Onze de Setembre)
630,ES1817A,no2,8,ES,Barcelona,41.5267059304669,2.183795315,2020_03_08-13:00:00,Santa Perpètua de Mogoda (Onze de Setembre)
631,ES1817A,no2,10,ES,Barcelona,41.5267059304669,2.183795315,2020_03_08-14:00:00,Santa Perpètua de Mogoda (Onze de Setembre)
632,ES1817A,no2,16,ES,Barcelona,41.5267059304669,2.183795315,2020_03_08-15:00:00,Santa Perpètua de Mogoda (Onze de Setembre)
633,ES1817A,no2,15,ES,Barcelona,41.5267059304669,2.183795315,2020_03_08-16:00:00,Santa Perpètua de Mogoda (Onze de Setembre)
634,ES1817A,no2,17,ES,Barcelona,41.5267059304669,2.183795315,2020_03_08-17:00:00,Santa Perpètua de Mogoda (Onze de Setembre)
635,ES1817A,no2,19,ES,Barcelona,41.5267059304669,2.183795315,2020_03_08-18:00:00,Santa Perpètua de Mogoda (Onze de Setembre)
636,ES1817A,no2,37,ES,Barcelona,41.5267059304669,2.183795315,2020_03_08-19:00:00,Santa Perpètua de Mogoda (Onze de Setembre)
637,ES1817A,no2,23,ES,Barcelona,41.5267059304669,2.183795315,2020_03_08-20:00:00,Santa Perpètua de Mogoda (Onze de Setembre)
638,ES1817A,no2,69,ES,Barcelona,41.5267059304669,2.183795315,2020_03_08-21:00:00,Santa Perpètua de Mogoda (Onze de Setembre)
639,ES1817A,no2,79,ES,Barcelona,41.5267059304669,2.183795315,2020_03_08-22:00:00,Santa Perpètua de Mogoda (Onze de Setembre)
640,ES1817A,no2,57,ES,Barcelona,41.5267059304669,2.183795315,2020_03_08-23:00:00,Santa Perpètua de Mogoda (Onze de Setembre)
641,ES1851A,no2,27,ES,Barcelona,42.0979101924658,1.848237224,2020_03_08-00:00:00,Berga (poliesportiu)
642,ES1851A,no2,22,ES,Barcelona,42.0979101924658,1.848237224,2020_03_08-01:00:00,Berga (poliesportiu)
643,ES1851A,no2,18,ES,Barcelona,42.0979101924658,1.848237224,2020_03_08-02:00:00,Berga (poliesportiu)
644,ES1851A,no2,12,ES,Barcelona,42.0979101924658,1.848237224,2020_03_08-03:00:00,Berga (poliesportiu)
645,ES1851A,no2,8,ES,Barcelona,42.0979101924658,1.848237224,2020_03_08-04:00:00,Berga (poliesportiu)
646,ES1851A,no2,7,ES,Barcelona,42.0979101924658,1.848237224,2020_03_08-05:00:00,Berga (poliesportiu)
647,ES1851A,no2,6,ES,Barcelona,42.0979101924658,1.848237224,2020_03_08-06:00:00,Berga (poliesportiu)
648,ES1851A,no2,5,ES,Barcelona,42.0979101924658,1.848237224,2020_03_08-07:00:00,Berga (poliesportiu)
649,ES1851A,no2,10,ES,Barcelona,42.0979101924658,1.848237224,2020_03_08-08:00:00,Berga (poliesportiu)
650,ES1851A,no2,12,ES,Barcelona,42.0979101924658,1.848237224,2020_03_08-09:00:00,Berga (poliesportiu)
651,ES1851A,no2,13,ES,Barcelona,42.0979101924658,1.848237224,2020_03_08-10:00:00,Berga (poliesportiu)
652,ES1851A,no2,7,ES,Barcelona,42.0979101924658,1.848237224,2020_03_08-11:00:00,Berga (poliesportiu)
653,ES1851A,no2,6,ES,Barcelona,42.0979101924658,1.848237224,2020_03_08-12:00:00,Berga (poliesportiu)
654,ES1851A,no2,6,ES,Barcelona,42.0979101924658,1.848237224,2020_03_08-13:00:00,Berga (poliesportiu)
655,ES1851A,no2,6,ES,Barcelona,42.0979101924658,1.848237224,2020_03_08-14:00:00,Berga (poliesportiu)
656,ES1851A,no2,5,ES,Barcelona,42.0979101924658,1.848237224,2020_03_08-15:00:00,Berga (poliesportiu)
657,ES1851A,no2,6,ES,Barcelona,42.0979101924658,1.848237224,2020_03_08-16:00:00,Berga (poliesportiu)
658,ES1851A,no2,8,ES,Barcelona,42.0979101924658,1.848237224,2020_03_08-17:00:00,Berga (poliesportiu)
659,ES1851A,no2,11,ES,Barcelona,42.0979101924658,1.848237224,2020_03_08-18:00:00,Berga (poliesportiu)
660,ES1851A,no2,14,ES,Barcelona,42.0979101924658,1.848237224,2020_03_08-19:00:00,Berga (poliesportiu)
661,ES1851A,no2,16,ES,Barcelona,42.0979101924658,1.848237224,2020_03_08-20:00:00,Berga (poliesportiu)
662,ES1851A,no2,15,ES,Barcelona,42.0979101924658,1.848237224,2020_03_08-21:00:00,Berga (poliesportiu)
663,ES1851A,no2,13,ES,Barcelona,42.0979101924658,1.848237224,2020_03_08-22:00:00,Berga (poliesportiu)
664,ES1851A,no2,16,ES,Barcelona,42.0979101924658,1.848237224,2020_03_08-23:00:00,Berga (poliesportiu)
665,ES1856A,no2,18,ES,Barcelona,41.4260771994671,2.147992032,2020_03_08-00:00:00,Barcelona (parc de la Vall d'Hebron)
666,ES1856A,no2,31,ES,Barcelona,41.4260771994671,2.147992032,2020_03_08-01:00:00,Barcelona (parc de la Vall d'Hebron)
667,ES1856A,no2,23,ES,Barcelona,41.4260771994671,2.147992032,2020_03_08-02:00:00,Barcelona (parc de la Vall d'Hebron)
668,ES1856A,no2,16,ES,Barcelona,41.4260771994671,2.147992032,2020_03_08-03:00:00,Barcelona (parc de la Vall d'Hebron)
669,ES1856A,no2,7,ES,Barcelona,41.4260771994671,2.147992032,2020_03_08-04:00:00,Barcelona (parc de la Vall d'Hebron)
670,ES1856A,no2,16,ES,Barcelona,41.4260771994671,2.147992032,2020_03_08-05:00:00,Barcelona (parc de la Vall d'Hebron)
671,ES1856A,no2,63,ES,Barcelona,41.4260771994671,2.147992032,2020_03_08-06:00:00,Barcelona (parc de la Vall d'Hebron)
672,ES1856A,no2,38,ES,Barcelona,41.4260771994671,2.147992032,2020_03_08-07:00:00,Barcelona (parc de la Vall d'Hebron)
673,ES1856A,no2,36,ES,Barcelona,41.4260771994671,2.147992032,2020_03_08-08:00:00,Barcelona (parc de la Vall d'Hebron)
674,ES1856A,no2,21,ES,Barcelona,41.4260771994671,2.147992032,2020_03_08-09:00:00,Barcelona (parc de la Vall d'Hebron)
675,ES1856A,no2,9,ES,Barcelona,41.4260771994671,2.147992032,2020_03_08-10:00:00,Barcelona (parc de la Vall d'Hebron)
676,ES1856A,no2,8,ES,Barcelona,41.4260771994671,2.147992032,2020_03_08-11:00:00,Barcelona (parc de la Vall d'Hebron)
677,ES1856A,no2,7,ES,Barcelona,41.4260771994671,2.147992032,2020_03_08-12:00:00,Barcelona (parc de la Vall d'Hebron)
678,ES1856A,no2,6,ES,Barcelona,41.4260771994671,2.147992032,2020_03_08-13:00:00,Barcelona (parc de la Vall d'Hebron)
679,ES1856A,no2,12,ES,Barcelona,41.4260771994671,2.147992032,2020_03_08-14:00:00,Barcelona (parc de la Vall d'Hebron)
680,ES1856A,no2,13,ES,Barcelona,41.4260771994671,2.147992032,2020_03_08-15:00:00,Barcelona (parc de la Vall d'Hebron)
681,ES1856A,no2,9,ES,Barcelona,41.4260771994671,2.147992032,2020_03_08-16:00:00,Barcelona (parc de la Vall d'Hebron)
682,ES1856A,no2,11,ES,Barcelona,41.4260771994671,2.147992032,2020_03_08-17:00:00,Barcelona (parc de la Vall d'Hebron)
683,ES1856A,no2,14,ES,Barcelona,41.4260771994671,2.147992032,2020_03_08-18:00:00,Barcelona (parc de la Vall d'Hebron)
684,ES1856A,no2,22,ES,Barcelona,41.4260771994671,2.147992032,2020_03_08-19:00:00,Barcelona (parc de la Vall d'Hebron)
685,ES1856A,no2,17,ES,Barcelona,41.4260771994671,2.147992032,2020_03_08-20:00:00,Barcelona (parc de la Vall d'Hebron)
686,ES1856A,no2,32,ES,Barcelona,41.4260771994671,2.147992032,2020_03_08-21:00:00,Barcelona (parc de la Vall d'Hebron)
687,ES1856A,no2,56,ES,Barcelona,41.4260771994671,2.147992032,2020_03_08-22:00:00,Barcelona (parc de la Vall d'Hebron)
688,ES1856A,no2,87,ES,Barcelona,41.4260771994671,2.147992032,2020_03_08-23:00:00,Barcelona (parc de la Vall d'Hebron)
689,ES1891A,no2,32,ES,Barcelona,41.5986669004668,2.287117688,2020_03_08-00:00:00,Granollers (Francesc Macià)
690,ES1891A,no2,22,ES,Barcelona,41.5986669004668,2.287117688,2020_03_08-01:00:00,Granollers (Francesc Macià)
691,ES1891A,no2,25,ES,Barcelona,41.5986669004668,2.287117688,2020_03_08-02:00:00,Granollers (Francesc Macià)
692,ES1891A,no2,20,ES,Barcelona,41.5986669004668,2.287117688,2020_03_08-03:00:00,Granollers (Francesc Macià)
693,ES1891A,no2,22,ES,Barcelona,41.5986669004668,2.287117688,2020_03_08-04:00:00,Granollers (Francesc Macià)
694,ES1891A,no2,29,ES,Barcelona,41.5986669004668,2.287117688,2020_03_08-05:00:00,Granollers (Francesc Macià)
695,ES1891A,no2,30,ES,Barcelona,41.5986669004668,2.287117688,2020_03_08-06:00:00,Granollers (Francesc Macià)
696,ES1891A,no2,44,ES,Barcelona,41.5986669004668,2.287117688,2020_03_08-07:00:00,Granollers (Francesc Macià)
697,ES1891A,no2,47,ES,Barcelona,41.5986669004668,2.287117688,2020_03_08-08:00:00,Granollers (Francesc Macià)
698,ES1891A,no2,43,ES,Barcelona,41.5986669004668,2.287117688,2020_03_08-09:00:00,Granollers (Francesc Macià)
699,ES1891A,no2,33,ES,Barcelona,41.5986669004668,2.287117688,2020_03_08-10:00:00,Granollers (Francesc Macià)
700,ES1891A,no2,22,ES,Barcelona,41.5986669004668,2.287117688,2020_03_08-11:00:00,Granollers (Francesc Macià)
701,ES1891A,no2,20,ES,Barcelona,41.5986669004668,2.287117688,2020_03_08-12:00:00,Granollers (Francesc Macià)
702,ES1891A,no2,19,ES,Barcelona,41.5986669004668,2.287117688,2020_03_08-13:00:00,Granollers (Francesc Macià)
703,ES1891A,no2,12,ES,Barcelona,41.5986669004668,2.287117688,2020_03_08-14:00:00,Granollers (Francesc Macià)
704,ES1891A,no2,13,ES,Barcelona,41.5986669004668,2.287117688,2020_03_08-15:00:00,Granollers (Francesc Macià)
705,ES1891A,no2,14,ES,Barcelona,41.5986669004668,2.287117688,2020_03_08-16:00:00,Granollers (Francesc Macià)
706,ES1891A,no2,9,ES,Barcelona,41.5986669004668,2.287117688,2020_03_08-17:00:00,Granollers (Francesc Macià)
707,ES1891A,no2,17,ES,Barcelona,41.5986669004668,2.287117688,2020_03_08-18:00:00,Granollers (Francesc Macià)
708,ES1891A,no2,20,ES,Barcelona,41.5986669004668,2.287117688,2020_03_08-19:00:00,Granollers (Francesc Macià)
709,ES1891A,no2,32,ES,Barcelona,41.5986669004668,2.287117688,2020_03_08-20:00:00,Granollers (Francesc Macià)
710,ES1891A,no2,51,ES,Barcelona,41.5986669004668,2.287117688,2020_03_08-21:00:00,Granollers (Francesc Macià)
711,ES1891A,no2,71,ES,Barcelona,41.5986669004668,2.287117688,2020_03_08-22:00:00,Granollers (Francesc Macià)
712,ES1891A,no2,45,ES,Barcelona,41.5986669004668,2.287117688,2020_03_08-23:00:00,Granollers (Francesc Macià)
713,ES1892A,no2,11,ES,Barcelona,41.4439835604671,2.237875306,2020_03_08-00:00:00,Badalona (Mont-roig - Ausiàs March)
714,ES1892A,no2,53,ES,Barcelona,41.4439835604671,2.237875306,2020_03_08-01:00:00,Badalona (Mont-roig - Ausiàs March)
715,ES1892A,no2,56,ES,Barcelona,41.4439835604671,2.237875306,2020_03_08-02:00:00,Badalona (Mont-roig - Ausiàs March)
716,ES1892A,no2,52,ES,Barcelona,41.4439835604671,2.237875306,2020_03_08-03:00:00,Badalona (Mont-roig - Ausiàs March)
717,ES1892A,no2,37,ES,Barcelona,41.4439835604671,2.237875306,2020_03_08-04:00:00,Badalona (Mont-roig - Ausiàs March)
718,ES1892A,no2,29,ES,Barcelona,41.4439835604671,2.237875306,2020_03_08-05:00:00,Badalona (Mont-roig - Ausiàs March)
719,ES1892A,no2,26,ES,Barcelona,41.4439835604671,2.237875306,2020_03_08-06:00:00,Badalona (Mont-roig - Ausiàs March)
720,ES1892A,no2,30,ES,Barcelona,41.4439835604671,2.237875306,2020_03_08-07:00:00,Badalona (Mont-roig - Ausiàs March)
721,ES1892A,no2,31,ES,Barcelona,41.4439835604671,2.237875306,2020_03_08-08:00:00,Badalona (Mont-roig - Ausiàs March)
722,ES1892A,no2,27,ES,Barcelona,41.4439835604671,2.237875306,2020_03_08-09:00:00,Badalona (Mont-roig - Ausiàs March)
723,ES1892A,no2,21,ES,Barcelona,41.4439835604671,2.237875306,2020_03_08-10:00:00,Badalona (Mont-roig - Ausiàs March)
724,ES1892A,no2,15,ES,Barcelona,41.4439835604671,2.237875306,2020_03_08-11:00:00,Badalona (Mont-roig - Ausiàs March)
725,ES1892A,no2,15,ES,Barcelona,41.4439835604671,2.237875306,2020_03_08-12:00:00,Badalona (Mont-roig - Ausiàs March)
726,ES1892A,no2,16,ES,Barcelona,41.4439835604671,2.237875306,2020_03_08-13:00:00,Badalona (Mont-roig - Ausiàs March)
727,ES1892A,no2,13,ES,Barcelona,41.4439835604671,2.237875306,2020_03_08-14:00:00,Badalona (Mont-roig - Ausiàs March)
728,ES1892A,no2,11,ES,Barcelona,41.4439835604671,2.237875306,2020_03_08-15:00:00,Badalona (Mont-roig - Ausiàs March)
729,ES1892A,no2,11,ES,Barcelona,41.4439835604671,2.237875306,2020_03_08-16:00:00,Badalona (Mont-roig - Ausiàs March)
730,ES1892A,no2,15,ES,Barcelona,41.4439835604671,2.237875306,2020_03_08-17:00:00,Badalona (Mont-roig - Ausiàs March)
731,ES1892A,no2,23,ES,Barcelona,41.4439835604671,2.237875306,2020_03_08-18:00:00,Badalona (Mont-roig - Ausiàs March)
732,ES1892A,no2,27,ES,Barcelona,41.4439835604671,2.237875306,2020_03_08-19:00:00,Badalona (Mont-roig - Ausiàs March)
733,ES1892A,no2,45,ES,Barcelona,41.4439835604671,2.237875306,2020_03_08-20:00:00,Badalona (Mont-roig - Ausiàs March)
734,ES1892A,no2,57,ES,Barcelona,41.4439835604671,2.237875306,2020_03_08-21:00:00,Badalona (Mont-roig - Ausiàs March)
735,ES1892A,no2,73,ES,Barcelona,41.4439835604671,2.237875306,2020_03_08-22:00:00,Badalona (Mont-roig - Ausiàs March)
736,ES1892A,no2,69,ES,Barcelona,41.4439835604671,2.237875306,2020_03_08-23:00:00,Badalona (Mont-roig - Ausiàs March)
737,ES1923A,no2,7,ES,Barcelona,41.8460342084663,2.217575622,2020_03_08-00:00:00,Tona (zona esportiva)
738,ES1923A,no2,3,ES,Barcelona,41.8460342084663,2.217575622,2020_03_08-01:00:00,Tona (zona esportiva)
739,ES1923A,no2,2,ES,Barcelona,41.8460342084663,2.217575622,2020_03_08-02:00:00,Tona (zona esportiva)
740,ES1923A,no2,3,ES,Barcelona,41.8460342084663,2.217575622,2020_03_08-03:00:00,Tona (zona esportiva)
741,ES1923A,no2,4,ES,Barcelona,41.8460342084663,2.217575622,2020_03_08-04:00:00,Tona (zona esportiva)
742,ES1923A,no2,4,ES,Barcelona,41.8460342084663,2.217575622,2020_03_08-05:00:00,Tona (zona esportiva)
743,ES1923A,no2,10,ES,Barcelona,41.8460342084663,2.217575622,2020_03_08-06:00:00,Tona (zona esportiva)
744,ES1923A,no2,9,ES,Barcelona,41.8460342084663,2.217575622,2020_03_08-07:00:00,Tona (zona esportiva)
745,ES1923A,no2,9,ES,Barcelona,41.8460342084663,2.217575622,2020_03_08-08:00:00,Tona (zona esportiva)
746,ES1923A,no2,19,ES,Barcelona,41.8460342084663,2.217575622,2020_03_08-09:00:00,Tona (zona esportiva)
747,ES1923A,no2,13,ES,Barcelona,41.8460342084663,2.217575622,2020_03_08-10:00:00,Tona (zona esportiva)
748,ES1923A,no2,7,ES,Barcelona,41.8460342084663,2.217575622,2020_03_08-11:00:00,Tona (zona esportiva)
749,ES1923A,no2,6,ES,Barcelona,41.8460342084663,2.217575622,2020_03_08-12:00:00,Tona (zona esportiva)
750,ES1923A,no2,5,ES,Barcelona,41.8460342084663,2.217575622,2020_03_08-13:00:00,Tona (zona esportiva)
751,ES1923A,no2,2,ES,Barcelona,41.8460342084663,2.217575622,2020_03_08-14:00:00,Tona (zona esportiva)
752,ES1923A,no2,2,ES,Barcelona,41.8460342084663,2.217575622,2020_03_08-15:00:00,Tona (zona esportiva)
753,ES1923A,no2,2,ES,Barcelona,41.8460342084663,2.217575622,2020_03_08-16:00:00,Tona (zona esportiva)
754,ES1923A,no2,2,ES,Barcelona,41.8460342084663,2.217575622,2020_03_08-17:00:00,Tona (zona esportiva)
755,ES1923A,no2,9,ES,Barcelona,41.8460342084663,2.217575622,2020_03_08-18:00:00,Tona (zona esportiva)
756,ES1923A,no2,9,ES,Barcelona,41.8460342084663,2.217575622,2020_03_08-19:00:00,Tona (zona esportiva)
757,ES1923A,no2,7,ES,Barcelona,41.8460342084663,2.217575622,2020_03_08-20:00:00,Tona (zona esportiva)
758,ES1923A,no2,14,ES,Barcelona,41.8460342084663,2.217575622,2020_03_08-21:00:00,Tona (zona esportiva)
759,ES1923A,no2,8,ES,Barcelona,41.8460342084663,2.217575622,2020_03_08-22:00:00,Tona (zona esportiva)
760,ES1923A,no2,4,ES,Barcelona,41.8460342084663,2.217575622,2020_03_08-23:00:00,Tona (zona esportiva)
761,ES1929A,no2,9,ES,Barcelona,41.3214952094674,2.09772526,2020_03_08-00:00:00,el Prat de Llobregat (jardins de la pau)
762,ES1929A,no2,25,ES,Barcelona,41.3214952094674,2.09772526,2020_03_08-01:00:00,el Prat de Llobregat (jardins de la pau)
763,ES1929A,no2,49,ES,Barcelona,41.3214952094674,2.09772526,2020_03_08-02:00:00,el Prat de Llobregat (jardins de la pau)
764,ES1929A,no2,39,ES,Barcelona,41.3214952094674,2.09772526,2020_03_08-03:00:00,el Prat de Llobregat (jardins de la pau)
765,ES1929A,no2,37,ES,Barcelona,41.3214952094674,2.09772526,2020_03_08-04:00:00,el Prat de Llobregat (jardins de la pau)
766,ES1929A,no2,39,ES,Barcelona,41.3214952094674,2.09772526,2020_03_08-05:00:00,el Prat de Llobregat (jardins de la pau)
767,ES1929A,no2,42,ES,Barcelona,41.3214952094674,2.09772526,2020_03_08-06:00:00,el Prat de Llobregat (jardins de la pau)
768,ES1929A,no2,40,ES,Barcelona,41.3214952094674,2.09772526,2020_03_08-07:00:00,el Prat de Llobregat (jardins de la pau)
769,ES1929A,no2,35,ES,Barcelona,41.3214952094674,2.09772526,2020_03_08-08:00:00,el Prat de Llobregat (jardins de la pau)
770,ES1929A,no2,27,ES,Barcelona,41.3214952094674,2.09772526,2020_03_08-09:00:00,el Prat de Llobregat (jardins de la pau)
771,ES1929A,no2,18,ES,Barcelona,41.3214952094674,2.09772526,2020_03_08-10:00:00,el Prat de Llobregat (jardins de la pau)
772,ES1929A,no2,14,ES,Barcelona,41.3214952094674,2.09772526,2020_03_08-11:00:00,el Prat de Llobregat (jardins de la pau)
773,ES1929A,no2,9,ES,Barcelona,41.3214952094674,2.09772526,2020_03_08-12:00:00,el Prat de Llobregat (jardins de la pau)
774,ES1929A,no2,17,ES,Barcelona,41.3214952094674,2.09772526,2020_03_08-13:00:00,el Prat de Llobregat (jardins de la pau)
775,ES1929A,no2,16,ES,Barcelona,41.3214952094674,2.09772526,2020_03_08-14:00:00,el Prat de Llobregat (jardins de la pau)
776,ES1929A,no2,12,ES,Barcelona,41.3214952094674,2.09772526,2020_03_08-15:00:00,el Prat de Llobregat (jardins de la pau)
777,ES1929A,no2,13,ES,Barcelona,41.3214952094674,2.09772526,2020_03_08-16:00:00,el Prat de Llobregat (jardins de la pau)
778,ES1929A,no2,10,ES,Barcelona,41.3214952094674,2.09772526,2020_03_08-17:00:00,el Prat de Llobregat (jardins de la pau)
779,ES1929A,no2,12,ES,Barcelona,41.3214952094674,2.09772526,2020_03_08-18:00:00,el Prat de Llobregat (jardins de la pau)
780,ES1929A,no2,16,ES,Barcelona,41.3214952094674,2.09772526,2020_03_08-19:00:00,el Prat de Llobregat (jardins de la pau)
781,ES1929A,no2,27,ES,Barcelona,41.3214952094674,2.09772526,2020_03_08-20:00:00,el Prat de Llobregat (jardins de la pau)
782,ES1929A,no2,25,ES,Barcelona,41.3214952094674,2.09772526,2020_03_08-21:00:00,el Prat de Llobregat (jardins de la pau)
783,ES1929A,no2,25,ES,Barcelona,41.3214952094674,2.09772526,2020_03_08-22:00:00,el Prat de Llobregat (jardins de la pau)
784,ES1929A,no2,26,ES,Barcelona,41.3214952094674,2.09772526,2020_03_08-23:00:00,el Prat de Llobregat (jardins de la pau)
785,ES1992A,no2,11,ES,Barcelona,41.3874846394672,2.115149666,2020_03_08-00:00:00,Barcelona (Palau Reial)
786,ES1992A,no2,14,ES,Barcelona,41.3874846394672,2.115149666,2020_03_08-01:00:00,Barcelona (Palau Reial)
787,ES1992A,no2,19,ES,Barcelona,41.3874846394672,2.115149666,2020_03_08-02:00:00,Barcelona (Palau Reial)
788,ES1992A,no2,16,ES,Barcelona,41.3874846394672,2.115149666,2020_03_08-03:00:00,Barcelona (Palau Reial)
789,ES1992A,no2,6,ES,Barcelona,41.3874846394672,2.115149666,2020_03_08-04:00:00,Barcelona (Palau Reial)
790,ES1992A,no2,9,ES,Barcelona,41.3874846394672,2.115149666,2020_03_08-05:00:00,Barcelona (Palau Reial)
791,ES1992A,no2,8,ES,Barcelona,41.3874846394672,2.115149666,2020_03_08-06:00:00,Barcelona (Palau Reial)
792,ES1992A,no2,5,ES,Barcelona,41.3874846394672,2.115149666,2020_03_08-07:00:00,Barcelona (Palau Reial)
793,ES1992A,no2,6,ES,Barcelona,41.3874846394672,2.115149666,2020_03_08-08:00:00,Barcelona (Palau Reial)
794,ES1992A,no2,6,ES,Barcelona,41.3874846394672,2.115149666,2020_03_08-09:00:00,Barcelona (Palau Reial)
795,ES1992A,no2,2,ES,Barcelona,41.3874846394672,2.115149666,2020_03_08-10:00:00,Barcelona (Palau Reial)
796,ES1992A,no2,2,ES,Barcelona,41.3874846394672,2.115149666,2020_03_08-11:00:00,Barcelona (Palau Reial)
797,ES1992A,no2,3,ES,Barcelona,41.3874846394672,2.115149666,2020_03_08-12:00:00,Barcelona (Palau Reial)
798,ES1992A,no2,5,ES,Barcelona,41.3874846394672,2.115149666,2020_03_08-13:00:00,Barcelona (Palau Reial)
799,ES1992A,no2,11,ES,Barcelona,41.3874846394672,2.115149666,2020_03_08-14:00:00,Barcelona (Palau Reial)
800,ES1992A,no2,7,ES,Barcelona,41.3874846394672,2.115149666,2020_03_08-15:00:00,Barcelona (Palau Reial)
801,ES1992A,no2,6,ES,Barcelona,41.3874846394672,2.115149666,2020_03_08-16:00:00,Barcelona (Palau Reial)
802,ES1992A,no2,6,ES,Barcelona,41.3874846394672,2.115149666,2020_03_08-17:00:00,Barcelona (Palau Reial)
803,ES1992A,no2,10,ES,Barcelona,41.3874846394672,2.115149666,2020_03_08-18:00:00,Barcelona (Palau Reial)
804,ES1992A,no2,17,ES,Barcelona,41.3874846394672,2.115149666,2020_03_08-19:00:00,Barcelona (Palau Reial)
805,ES1992A,no2,33,ES,Barcelona,41.3874846394672,2.115149666,2020_03_08-20:00:00,Barcelona (Palau Reial)
806,ES1992A,no2,23,ES,Barcelona,41.3874846394672,2.115149666,2020_03_08-21:00:00,Barcelona (Palau Reial)
807,ES1992A,no2,28,ES,Barcelona,41.3874846394672,2.115149666,2020_03_08-22:00:00,Barcelona (Palau Reial)
808,ES1992A,no2,37,ES,Barcelona,41.3874846394672,2.115149666,2020_03_08-23:00:00,Barcelona (Palau Reial)
